first_name,last_name,address,email
Erin,Nelson,"45990 Fischer Forges Gonzalezfort, ND 43871",jonathanhoffman@example.org
Joshua,Boyd,"772 Laura Groves Willisburgh, GA 48047",juandelacruz@example.net
Sandra,Espinoza,"182 Mahoney Canyon New Jasonbury, AZ 30556",michaelcampbell@example.com
Brian,Mccormick,"2667 Ramsey Haven Mitchellville, MP 01197",amanda69@example.com
Jennifer,Sloan,"5122 Jennifer Freeway Suite 348 Port Tiffany, OR 43994",breannabishop@example.org
Julie,Stephens,"6882 Clark Valleys Suite 382 Wilsonside, UT 34008",garywarren@example.com
Charles,Soto,"86310 Cabrera Summit Suite 204 South Destiny, FL 89964",hobbsvanessa@example.org
Michael,Guerrero,"119 Ortega Key South Laura, RI 94900",karl99@example.org
Nicholas,Vaughn,"PSC 3458, Box 2178 APO AP 03941",timothydixon@example.com
Lee,Hicks,"5986 Tanner Mall Apt. 311 West Emilymouth, PR 51969",christiannelson@example.net
Nicole,Walters,"37379 Albert Trafficway Suite 407 East Yvettechester, PR 91486",ruizalexander@example.org
Jeffrey,Wright,"838 Stanley Locks Apt. 290 North Steven, MT 12670",lonniebell@example.net
Mark,Jackson,"021 Parker Lights Apt. 692 North Janiceton, NH 88235",lwilliams@example.net
Elizabeth,Cooke,"9009 Andrea Key Larsenborough, AS 10269",taylormegan@example.com
Edward,Ayers,Unit 6314 Box 5642 DPO AA 30654,maxhoward@example.com
Laura,Martinez,"213 Richard Flat Suite 452 Mclaughlinview, ME 56480",christopherabbott@example.org
Robert,Rodriguez,"9586 Karen Spring Lake Amy, OR 49017",michelle03@example.com
Juan,Leonard,"9668 Jamie Fords Suite 453 Juliaside, GA 89783",ldavies@example.net
Crystal,Jackson,"608 Oneill Summit Wallermouth, ID 29678",alison72@example.org
Denise,Jones,"2926 Jackson Pike Suite 960 West Andrea, MO 25646",gdelgado@example.net
Kelly,Larson,"794 James Extensions Port Savannah, AL 65394",christopher66@example.com
Peter,Mckinney,"20107 Heather Flats Apt. 390 Robertside, GA 37130",miguelcox@example.com
Brittany,Anderson,"41943 Brown Grove Suite 572 Mendezberg, WY 95587",brianbeasley@example.com
Courtney,Weaver,"077 Shannon Cliffs Mcclureburgh, ID 16213",stevechambers@example.net
Dwayne,Martinez,Unit 5865 Box 0532 DPO AA 81378,rhicks@example.net
Janice,Luna,"PSC 1269, Box 0184 APO AA 28796",johnsonalexis@example.com
Sarah,Burns,"37307 Williams Parks Mccartyport, WA 85197",mannjulie@example.net
Daniel,Pham,"822 William Causeway Nealmouth, MO 35590",daniel40@example.com
John,Howard,"37481 Bill Court Carlsontown, MP 52157",salazararthur@example.com
Diana,Alvarez,"852 Smith Green Suite 101 Serranofort, MH 06875",joshua95@example.net
Victoria,Velasquez,"7536 Owens Via Apt. 475 East Jacob, MT 22012",osantos@example.org
Justin,Stewart,"8640 Thompson Mount Ambermouth, IA 66924",lauren79@example.com
Danielle,Brooks,"466 Justin Light Suite 376 West Austinville, OK 78591",sandra98@example.net
Joseph,Juarez,"0767 Cynthia Inlet Suite 331 Krausemouth, GA 88636",swilliams@example.org
Desiree,Nguyen,"953 Hodges Ridges New Thomasfurt, PA 96308",anthonyross@example.org
Jesse,Ellis,"032 Daniel Walk Suite 773 East Rhondatown, VI 69118",rhonda00@example.org
Amber,Thomas,"PSC 2190, Box 3795 APO AE 87409",allenstephanie@example.com
Linda,Carter,"506 Donald Pines Gonzalesmouth, MO 18495",wendysmith@example.net
Lori,Johnston,"7396 Kylie Mission Youngberg, WV 75856",robert09@example.net
Shaun,Murphy,USNV Adams FPO AE 90509,thompsonjames@example.net
Ann,Richards,"0212 Stone Way Apt. 089 West Richardland, NH 14154",ashley89@example.net
Jesse,Hill,"0592 Maldonado Crossing Port Katie, MP 68277",meltonmichael@example.net
Christine,Robinson,"0770 Dawn Valleys Nicholasmouth, TX 22377",stacy73@example.com
Shawna,Reed,"5716 Cooper Roads Apt. 310 Kristenmouth, FL 81386",lindapineda@example.org
Angela,Gray,"427 Shelby Roads Suite 446 Eugeneborough, MD 35140",fordshelly@example.org
Charles,Burns,"8651 Joshua Common Brianbury, NC 52796",gbradley@example.net
Austin,Smith,"26675 Megan Villages Briannamouth, PW 30698",justin08@example.com
Stephanie,Ross,"94913 Sara Street East Jesse, MH 29748",garciaronald@example.org
Kenneth,Rodriguez,"6119 Amy Trace Apt. 968 Longberg, KY 09761",iburton@example.net
Kevin,Reeves,"511 Acevedo Lake Apt. 283 Port Cheryl, NM 46909",mcdonaldjanet@example.com
Kyle,Harding,Unit 8070 Box 7189 DPO AP 86762,davidrobbins@example.org
William,Gonzales,"36406 Kelly Spur South Charlesfurt, AL 40056",eschneider@example.net
Joshua,Boone,"4464 Wendy Hollow Apt. 980 Lake Vanessaton, AK 26716",christopher34@example.org
Tara,Boyd,"806 Smith Stravenue Suite 362 Romeromouth, ME 77397",parkerjames@example.org
Cameron,Ochoa,Unit 3466 Box 0661 DPO AP 52154,eileen48@example.org
Charles,Lucero,"9537 Robert Stravenue Elizabethstad, IN 68206",dianemoreno@example.org
Laurie,Brown,"82363 Cassandra Fords Lake Clifford, HI 18953",laura25@example.net
Shawn,Walker,Unit 2665 Box 9184 DPO AP 14462,travis06@example.net
Courtney,Kent,"10285 Christina Mountains Suite 282 Lake Mary, NC 47141",msmith@example.com
Linda,Williams,"0112 Benjamin Rue Apt. 084 Williamsville, MS 96141",yesenia48@example.org
Gerald,Smith,"3690 Diana Hills Matamouth, TN 40515",kferguson@example.net
Eric,Bender,"045 Shelly Spurs North John, UT 28970",jamesjones@example.com
Timothy,Wheeler,"4292 Cook Canyon Apt. 704 Tommyberg, PA 71387",vortiz@example.com
Ashley,Reynolds,"50376 Abigail Curve Suite 801 New Michael, IA 57541",norriselizabeth@example.com
Nicole,Hunter,"5312 Mullins Row Johnsonstad, KY 68060",traviswilkerson@example.org
Mary,Russell,"83886 Tucker Land North Henryhaven, GA 22447",youngmegan@example.net
Jesse,Thompson,"51212 Sandoval Rapids Suite 234 Lake Lisaburgh, WA 26395",candicegarcia@example.org
Angela,King,"0239 David Brook Suite 328 Reedtown, GA 06983",sarah94@example.net
Philip,Williams,"2902 Combs Garden North Steven, NV 02576",tmeyer@example.com
Sophia,Hunt,"924 Deleon Common Suite 650 West Michelleside, MO 87989",welchscott@example.org
Emily,Clark,"152 Jenny Canyon Mcphersonfort, VA 69069",kyleharvey@example.org
Danielle,Taylor,"189 Jamie Streets Apt. 645 South Jerome, MT 48642",alexandra59@example.com
Alexander,Walls,"2695 Mccarthy Village Port Matthewside, AS 14837",kpeterson@example.com
Brian,Rowland,"9904 Charles Glens Suite 477 East Monicachester, KS 91517",kjohnson@example.org
Cindy,Compton,"2200 Clinton Meadow Apt. 937 Lake Alexanderfurt, AZ 15690",robinjohnson@example.com
Jacob,Goodman,"PSC 2631, Box 9346 APO AP 43471",rhondabrown@example.net
Steven,Lang,"99789 Taylor Port Apt. 355 South Alisonbury, VT 84373",stephen47@example.org
Cindy,Evans,"0934 Hayden View Harrisfurt, WI 04546",markpowers@example.net
Joseph,Lewis,"0300 Baldwin Corners Suite 689 New Deniseton, OH 70954",derek09@example.org
Andrew,Serrano,"2097 Molly Burgs Suite 900 West Travis, AS 08395",award@example.net
Beth,English,"614 Michael Parks Suite 763 Port Theodore, WI 14714",michaeldean@example.net
Dakota,Riley,"4219 Ball Ford Apt. 406 West Victoria, MT 84697",millerleah@example.net
Marie,Bryan,"94792 Taylor Ridges Suite 095 Alexandrabury, KY 44198",mobrien@example.org
Kimberly,Yoder,"059 Hoover Roads Melissatown, AS 05762",campbellwayne@example.net
Kimberly,Fleming,"6982 Green Summit Cunninghamside, PA 01169",nwest@example.com
William,Long,Unit 5185 Box 3201 DPO AE 69549,martinjohnny@example.com
Richard,Jimenez,"66691 Christensen Cliff Bettyport, MD 38373",rbeck@example.org
Frederick,Roberson,"9083 Beasley Falls Port Derek, ME 02318",reginawoods@example.net
Cindy,Campbell,"03125 Courtney Estates Suite 933 Brownshire, MS 32104",gillespierachel@example.org
Karen,Morales,"8818 Joshua Canyon Apt. 201 New Marvinborough, NE 35225",wilsondeborah@example.com
Sara,Mullins,"93784 Kent Courts Robertland, NH 45060",pperez@example.com
April,Walter,"74266 Hickman Mission East Michael, OK 48856",dakota93@example.com
William,Nguyen,"746 Cardenas Lodge Suite 289 East Raymondmouth, ND 83585",hopkinsjessica@example.com
Kerry,Herrera,"9976 Hamilton Loop Apt. 927 West Annamouth, NM 63242",moniquebailey@example.net
Michelle,Lewis,"4913 Michael Orchard Apt. 714 Port Holly, ID 02727",harveymaria@example.org
Lynn,Martin,"65346 Harrison Run South Kathrynborough, WV 57598",garykelley@example.net
Michael,Cooper,Unit 7099 Box 1963 DPO AP 80519,qhobbs@example.org
Frances,Wilson,"4645 Kristen Bridge Suite 047 South Andrew, WY 73805",whitejoanna@example.org
Lisa,Ayers,"568 Troy Ford Apt. 752 Millerfurt, NJ 48338",marissajones@example.com
Andrew,Galvan,"41918 Chelsea Course Suite 751 South Wendymouth, AR 64480",kcastro@example.com
Michael,Cole,Unit 5541 Box 2447 DPO AP 85863,morenolynn@example.com
Jeffrey,Gibbs,"160 James Crossing Suite 021 Port Bruce, MT 80467",emily90@example.com
Patrick,Thomas,"62516 Jeremiah Well Lake Corey, WA 96207",austin92@example.net
Heather,Bell,"09514 Chad Junctions New Kathyport, WA 92686",jessicahawkins@example.org
Christian,Golden,"8232 Daisy Knoll East James, NJ 30190",kentbentley@example.net
Joseph,Christensen,"06662 Dixon Via Suite 875 Schultzland, IL 84255",burnslevi@example.com
Margaret,Rios,"07854 Jean Road Apt. 091 East Robertoland, OK 24268",silvadaniel@example.com
Angela,Davis,USNS Sanders FPO AP 89344,wyattstafford@example.net
Angela,Jones,"981 Graham Ports Michaelport, DC 91016",williamscorey@example.org
Lindsay,Joseph,"82717 Robin Prairie Lake Gregoryshire, UT 04105",christopherhoward@example.net
Theresa,Fleming,"5462 Tara Lane Stevenville, RI 47721",imendez@example.com
David,Clark,"044 Garza Course Apt. 846 Nicholaston, AK 33086",nicholsnorma@example.net
Samantha,King,"3930 Pierce Vista New Elizabethberg, AL 82213",john80@example.org
Shawna,Lee,"377 Robert Park Apt. 611 West Carlosstad, PW 11540",scott65@example.org
Kimberly,Dudley,"9546 Gonzalez Villages Port Anthony, CO 29501",robertsamanda@example.com
Bruce,Jones,"3376 Ballard Summit Apt. 777 West Sandra, OH 18985",jamesbryant@example.net
Matthew,Murphy,"962 Christina Radial Andreashire, FM 89002",davidmoore@example.net
Cheryl,Wong,"8398 Moreno Hill New Melissaport, DE 32889",mendezmichelle@example.org
Carl,Jacobs,"91757 Patrick Bridge North Mary, VA 35409",davislisa@example.org
Amy,Bennett,"0504 Susan Plaza Suite 353 Roberthaven, MO 78576",michael37@example.org
Jessica,Herrera,"280 Herrera Pine Suite 687 Perrychester, MT 16695",banksteresa@example.net
Ann,Jones,"870 Jason Skyway Hardyfort, CA 39444",garnerjonathon@example.com
Brett,Mendez,"47721 Kemp Branch New Frank, KY 33499",pgood@example.org
Amy,Lewis,"902 Bender Shores North Stuart, AS 81553",elizabeth85@example.com
Michael,Chen,"578 Carter Estates Suite 889 Lake Ronaldview, AR 78709",nicholasdavis@example.net
Terri,Thomas,"253 Reynolds Vista Angelicabury, FM 56694",conleyjason@example.net
Natalie,Wilson,"83176 Larsen Streets Apt. 863 Jennifertown, IL 97276",jamesrobbins@example.net
Scott,Sandoval,Unit 4405 Box 0854 DPO AE 34286,vthomas@example.org
David,Gaines,"76711 Schroeder Creek Suite 158 Beverlyberg, MI 23299",tylerann@example.net
Timothy,Evans,"623 Gregory Trail North Laurentown, MH 01765",hamiltoncharlene@example.org
Joseph,Carter,"569 Moss Creek Thompsonbury, AK 38185",iwalker@example.com
Katelyn,Kane,"509 Massey Spurs Apt. 319 Elizabethview, WA 85138",burtonallison@example.org
Jesus,Frost,"856 Rice Branch Gonzalesview, NJ 91375",murillojessica@example.org
Jeremy,Hopkins,"PSC 7879, Box 7576 APO AA 31766",carrielewis@example.org
Kristina,Garner,Unit 3294 Box 1762 DPO AP 68493,fgrant@example.net
Robert,Rogers,"828 Miller Plain Suite 850 Ronaldtown, PW 50579",beth87@example.com
Taylor,Salazar,"9303 Jones Radial Shaneburgh, TX 40138",adam36@example.org
Austin,Nash,"1024 Steven Drive Suite 651 Lake Thomasstad, OK 63430",cody96@example.net
Michelle,Richards,"81309 Edwards Cape West Allison, TN 93299",jenniferperkins@example.net
Evelyn,Sanford,"5407 Michelle Viaduct Apt. 415 East Nataliemouth, ND 90375",parkerryan@example.net
Tracey,Campbell,"9103 Cook Throughway Horneborough, GA 49429",otran@example.com
Jennifer,Sanchez,"15470 Peterson Square Apt. 524 Port Timothyberg, MT 41571",clarkmorgan@example.org
Fernando,Love,"59753 Austin Terrace Suite 456 Johnsonchester, AS 05647",drewclark@example.org
Donna,Green,"954 Gregory Circles Apt. 484 Port Taylorstad, NC 39948",chriscollier@example.net
Emily,Bradley,"652 April Walks Apt. 825 Jensenside, SC 03303",fkelly@example.net
Jonathan,Hill,"952 Amanda Rapids Masonport, NH 81753",rebeccawilliams@example.org
Paul,Perry,"818 Lucas Squares Suite 595 Dwaynefort, VA 46901",alexandra21@example.org
Daniel,Brown,"571 Steven Well Christinastad, VA 56330",marymcdaniel@example.org
Ryan,Duncan,"91016 Courtney Brook Suite 129 Colemantown, CA 38046",mcconnelljill@example.net
Tina,Miller,"18886 Pace Turnpike Suite 955 Hartmouth, GU 48689",jesusbailey@example.net
Ashley,Morse,"39569 Barry Lights Turnermouth, SD 47891",jenniferfernandez@example.com
Kevin,Myers,"5791 West Manors Davistown, NH 38002",desireecarter@example.net
Shane,Knapp,"68297 Jennifer Plain Suite 009 Wilkinsville, NY 08044",henrysandra@example.org
Daniel,Jones,"9732 Tiffany Points South Jimmy, OK 55340",csmith@example.org
Penny,Davis,"39757 Ashley Pine Bellmouth, GU 68149",victoria34@example.net
Amy,Padilla,USS Norton FPO AE 67152,operez@example.org
Catherine,Steele,"49330 King Crescent West Ruth, ND 90717",reginald04@example.org
Allison,Morse,"14663 Jerry Key Apt. 556 Sherylborough, IL 81218",jasonjones@example.net
Lucas,Maddox,"10170 Carly Points Port Rebeccaview, ID 27994",thomasbishop@example.com
Ana,Ward,"6505 Rodriguez Way North Alexaview, WA 17394",crystalfrank@example.com
Jennifer,Ward,"7698 Jennifer Field Sarahside, CO 86836",haroldwatts@example.net
Sharon,Crawford,"2815 Walker Circles Apt. 209 Waltersside, KY 17882",dmerritt@example.org
Jeffery,Gregory,"2136 Valerie Forge Susanton, MD 79856",destinyblack@example.com
Nicholas,Stanton,"2733 Rogers Views Suite 698 East Bill, WY 21832",ipowers@example.org
Thomas,Harris,"808 Michael Forges East Jimmyside, MT 62034",emilytaylor@example.net
Lisa,Wheeler,"56004 Mora Parkways Apt. 547 Stephanieberg, MN 75263",paulaaustin@example.com
Kelli,Alexander,"747 Gregg Fields Apt. 115 East Danielchester, OK 15935",christina09@example.net
Yesenia,Garcia,"534 Andrew Hill Suite 191 West Larry, OK 45292",yburke@example.com
Jillian,Brown,"774 Rebekah Meadows Claytonshire, VI 80347",lori14@example.com
Jasmine,Wagner,"60113 Roberto Mill Waltershire, MD 99482",tuckertony@example.org
Theresa,Burke,"231 Cortez Spur Mayville, MN 09152",jennifer29@example.org
Kelly,Soto,Unit 6883 Box 9607 DPO AA 17160,olsonrachel@example.com
Mark,Hays,"19732 Mcdonald Branch South Emily, DC 22617",james99@example.net
Paul,Steele,"789 Mary Way Suite 666 Gregoryborough, AL 06590",brian89@example.net
Kyle,Johnson,"034 Robert Gateway Riceburgh, VI 38359",brittany93@example.org
Lori,Mcdaniel,"PSC 4348, Box 2257 APO AE 68688",scott34@example.com
George,Moon,"89014 James Trail Suite 474 Derekmouth, CA 48632",eestrada@example.org
Matthew,Schwartz,"PSC 9725, Box 0389 APO AP 70816",colemangabriela@example.com
Jennifer,Stout,"5258 Goodwin Plains Bergerview, FL 57828",simsrobert@example.com
Stephen,Smith,"2282 Kenneth Lights Apt. 065 East Megan, CT 40082",richardcastaneda@example.org
Lisa,Bridges,"9178 Kevin Forge Apt. 185 Aprilhaven, ME 23042",crystalpowell@example.org
Tonya,Hood,"819 Johnson Neck Port Barry, AR 58828",qcobb@example.com
Jodi,Martinez,"409 Williams Ports Suite 142 East Bradyfurt, NY 92251",karenflores@example.org
Nicholas,Johnson,"785 Michael Crossing Rodriguezview, AZ 88973",debra51@example.net
Dawn,Campbell,Unit 5190 Box 7560 DPO AA 32559,flowersgina@example.com
David,Long,"4779 Palmer Rue South Ashleybury, IA 38324",dscott@example.org
Belinda,Harris,"5852 Zachary Brooks Apt. 951 Johnburgh, NM 60293",awilliams@example.org
Jeffrey,Winters,"96775 Robert Knoll New Marystad, MO 24628",twhite@example.org
Melanie,Vaughn,"8056 Rodriguez Pines Suite 714 Warnerfurt, RI 12533",singhsteven@example.org
Geoffrey,Nguyen,"3566 Alan Streets Suite 636 New Tracy, SD 50204",freemanrenee@example.net
Scott,Green,"8220 Chelsea Shores Suite 916 West Jasonfort, NY 33836",ylyons@example.org
Melvin,Jackson,"043 Melissa Curve Jasonton, NC 21486",qbecker@example.org
Rebekah,Coleman,"0679 Regina Dam New Teresatown, IL 83625",reginawilliams@example.org
Dennis,Farrell,"1027 Gibson Station North Megan, AK 30453",mosleyrobert@example.net
Tim,Garcia,"466 Patrick River Suite 979 Pageshire, AR 68185",john17@example.org
Sarah,Rocha,"56704 Randall Stream Andersonfort, MD 46272",mcantrell@example.com
Robin,Santos,"20340 Christopher Knolls Danielleport, GU 63797",ronald41@example.com
Andrew,Patel,"454 Heather Ramp Port Samanthafort, ND 85924",glennelson@example.net
Derrick,Porter,"216 Leroy Gateway Suite 757 Aaronton, FL 67121",longkevin@example.com
Richard,Anderson,"4817 Kristen Field Richardsonstad, CA 26284",scottcrystal@example.net
Ernest,Davis,"971 Leslie Ville Apt. 808 Ronaldborough, MN 80647",nlane@example.org
Sarah,Jones,"575 Black Lane Andreshire, SD 63615",dustinbooth@example.org
Jade,Berry,"0000 Lauren Knolls South Amanda, FL 00811",robert01@example.com
Brian,Carter,"86942 Derek Land Suite 769 Staceymouth, MT 41942",tavery@example.com
Nathan,Turner,"93315 Williams Curve Suite 620 West Patricia, GA 96855",zjones@example.net
Steven,Wright,"PSC 1858, Box 9447 APO AP 07935",hannah41@example.org
Tracy,Wright,"775 Morris Point Suite 597 South Jessica, NH 97914",albertvelez@example.com
Tina,Haney,"3681 Sarah Glen Craigbury, OR 26156",patelsteven@example.net
Kevin,Watson,"825 Tonya Fields Rodrigueztown, CA 29633",hmartin@example.org
Kimberly,Pacheco,USCGC Mcknight FPO AA 87908,grant05@example.net
Jason,Macdonald,"02769 Timothy Harbor Apt. 835 North Kellyside, MS 90592",evan82@example.com
Gregory,Garrett,USCGC Phillips FPO AA 66771,janetmorris@example.org
Benjamin,Day,"837 Jack Street Pierceside, NV 90158",scottkaren@example.org
Robin,Hughes,"80171 Taylor Tunnel Suite 450 Nealstad, NH 72604",alexandra64@example.net
Ashley,Taylor,"9592 Jesse Ranch Apt. 998 Garrisonport, TX 64636",caldwellamanda@example.net
Emily,Brooks,"64067 Andrews Manors Suite 379 North Amber, MH 07576",lindsey62@example.com
Peter,Price,"8566 Herman Greens New Sarahport, DE 14639",adamsedgar@example.com
Ashley,Wong,"547 Schaefer Oval Michaelchester, RI 33242",katelynshort@example.com
Robert,Maddox,"67039 Green Hollow Suite 857 Mccoyland, WV 08181",hallwilliam@example.com
Tony,Wood,"6511 Philip Branch South Jerryfurt, PA 04749",clinton51@example.com
Tina,Oneill,"38816 Humphrey Rapids Michelehaven, SC 35416",nkeith@example.net
Matthew,Santos,"715 Copeland Walk Suite 172 New Angelastad, WV 46984",vyang@example.com
Melissa,Cox,"11492 Joseph Heights Suite 824 East Albert, CT 22069",brownautumn@example.org
Jason,Tanner,"206 Larry Dam Apt. 160 South Jeffview, FL 31345",littlechad@example.net
Megan,Prince,"109 Black Corner Port Cheryl, AS 80982",jodyortega@example.org
David,Walter,"2675 Harris Brooks Port Zachary, UT 55708",dblake@example.org
Anthony,Caldwell,"82115 Benson Extension Apt. 799 Petersonmouth, FL 10887",joseph51@example.com
Marissa,Dean,"2697 Mary Forges Apt. 588 New Karenport, WV 24888",xruiz@example.net
Lauren,Navarro,"4083 Kathleen Hollow Isaacstad, HI 34263",jessicaryan@example.net
Ebony,Decker,"0182 Graham Islands South Frank, FL 16515",rmata@example.net
Nicholas,Hughes,"23197 Ellis Crossroad East Melissa, DC 53580",vicki13@example.net
Bryan,Woods,"3609 Patrick Dale Apt. 889 Davidburgh, NM 93628",kellianderson@example.com
Jacob,Dominguez,"7085 Smith Drives Apt. 112 Kimside, AZ 57918",jerry77@example.com
Brenda,Knight,"00544 Hailey Plain Jamesview, SD 41028",vmorgan@example.net
Michael,Williamson,"46410 Cody Crescent Suite 249 South Christopherville, NE 86941",saragraves@example.com
Dana,Jones,"162 Evans Circle Port Josemouth, CA 67266",imartin@example.net
Stuart,Palmer,"977 Megan Throughway Lake Julia, CT 42118",grahamsusan@example.net
Angela,Patel,"5482 Jose Circle Apt. 368 Liuview, AS 48539",rebeccabrown@example.com
Thomas,Marshall,"00301 Emily Plaza Hahnfurt, GA 70437",tlevine@example.net
Beth,Gilbert,"429 Miller Parks Suite 457 New Stephen, WI 85897",harrisricky@example.com
Travis,Sharp,"47063 Paul Glens South Kevin, MD 97092",hunterrobert@example.org
Jennifer,Nash,"263 Robert Street New Johnland, KS 90215",david73@example.org
Rebecca,Robinson,"891 White Garden North Michael, ND 75657",esimmons@example.net
Jackie,Hicks,"9004 Gary Walk Suite 815 Riverastad, GU 89184",jthompson@example.net
Bradley,Nelson,"5064 Nathan Skyway Suite 196 Anthonyberg, MP 96068",theresa58@example.org
Michael,Sparks,Unit 6105 Box 0633 DPO AE 66681,jacob29@example.org
Sean,Williams,"7276 Chung Shoal Apt. 302 Gonzalesbury, DE 48061",lbauer@example.org
Christopher,Hines,"63247 Mccall River Suite 282 East Jerry, DC 07533",johnsonstephanie@example.org
Susan,Peterson,"77148 Lee Lock West Nancymouth, ND 93889",hammondkimberly@example.com
Kaitlyn,Porter,Unit 0003 Box 5617 DPO AE 71964,wesleytorres@example.org
Carrie,Rodriguez,"914 Ortega Hills Nancyland, DC 72573",christinecarlson@example.com
Theresa,Obrien,"9678 Randall Islands Suite 855 Lake Jonathanfort, CO 73545",larry84@example.org
Joseph,Meadows,"PSC 7211, Box 4932 APO AE 17708",robindavis@example.com
Erin,Myers,USNV Allen FPO AP 20204,hjones@example.com
Shannon,Ward,"374 Kelsey Unions West Donald, VI 13224",walkermichael@example.com
Megan,Blankenship,"427 Autumn Alley Suite 307 Joyburgh, WY 46296",frankkayla@example.org
William,Ortiz,"8812 Torres Junction Andrewmouth, DC 26798",kharrington@example.com
Kathryn,Sexton,"PSC 9562, Box 2128 APO AA 24554",wigginsmary@example.net
Wayne,Morton,"081 Catherine Circles West Joseph, VT 18680",zleblanc@example.com
Christopher,Moore,"PSC 6334, Box 8636 APO AA 95979",tinasmith@example.com
Nathaniel,Bonilla,"678 Daniels Way Lauraberg, FM 21749",copelanddaniel@example.com
Jeremy,Johnson,"512 Meadows Road Suite 932 Port Ryanmouth, IN 63327",taylorjanice@example.net
Olivia,Crawford,Unit 6005 Box 6547 DPO AE 72828,michael46@example.org
Alicia,Stevenson,"2172 Michele Land Apt. 191 North Brianside, UT 21443",denniskoch@example.net
Derek,Lane,"48388 Warren Spring Suite 098 East Sarah, NM 03100",vmorris@example.com
Ashley,Long,"9446 Samantha Mill Garciaville, HI 15211",karlsmith@example.org
Linda,Nolan,"693 Hinton Corners Davisstad, PA 75816",judith75@example.net
Patrick,Whitaker,"161 Alexander Inlet Apt. 234 West Loriberg, AR 20324",virginia72@example.net
Ellen,Velazquez,"140 Walton Plains South Oliviaton, AS 39430",ortizjessica@example.com
Allison,Hernandez,"292 Moreno Tunnel East Martin, GU 79153",josebarrett@example.com
Paul,Hall,"6999 Linda Junction North Susan, GU 41946",kcampbell@example.org
Rebecca,Prince,"1967 Gates Underpass Suite 237 Mitchellburgh, MI 13914",jessicasanchez@example.org
Joshua,Sosa,"793 Jason Islands Apt. 678 Miguelfort, NV 66393",berrybetty@example.net
Michelle,Dawson,"996 Mejia Circle Suite 913 Jessicafurt, DC 32901",crystal41@example.net
Chelsea,Ross,"00878 Foster Place Apt. 383 South Adriana, UT 32669",hduran@example.org
Cassandra,Lopez,"PSC 7380, Box 1102 APO AA 33556",gmeyer@example.org
Debra,Estrada,"3660 Wheeler Roads Raychester, MI 90584",smithjennifer@example.net
Donald,Watts,"2149 Hunter Inlet Lake Chad, ID 52972",riveragabriel@example.com
Tommy,Wright,"PSC 1434, Box 9768 APO AA 01312",acox@example.org
Keith,Caldwell,"887 Ramirez Ways Larsonfurt, KY 44253",carl17@example.org
Jennifer,Clark,"015 Snow Groves Alvinmouth, GA 28088",elizabeth22@example.org
Jacqueline,Caldwell,"00543 Bianca Row Teresaland, NE 37800",ojones@example.net
Jeffrey,Moss,"91359 Julie Port Apt. 878 South Sherri, AK 86410",tturner@example.org
Edward,Dawson,"426 Joseph Courts East Frederickmouth, AZ 40561",keithharris@example.org
Kristen,Zavala,"52840 Barnes Loop Apt. 554 Stevenbury, WV 02287",chelsea07@example.org
Edward,Campbell,"699 Oliver Motorway North Leslie, UT 01704",jfernandez@example.org
Jamie,Harvey,"91519 Joseph Rest Apt. 901 North Beth, CT 51089",nicolemeyer@example.com
Eric,Ramos,"27720 Lee Cape Richardmouth, WV 33901",matthewmclaughlin@example.net
Ryan,Martin,"9242 Duncan Falls Suite 866 Greenhaven, PW 67869",lynn28@example.net
Amy,Collins,"658 Miranda Creek Suite 794 Justinhaven, MS 52946",vweiss@example.com
David,Carey,"473 Sexton Spring Port Sandraton, AZ 52081",rsmith@example.com
Emily,Roberts,"311 Travis Crest Suite 926 East Jessicaberg, NC 35668",srogers@example.net
Brenda,Juarez,"9894 Erin Lodge Apt. 596 Millerport, UT 78085",oberg@example.org
Kathryn,Parker,"44312 James Cape Port Josephshire, TN 61200",katrinajackson@example.org
Brett,Hicks,"57972 Spears Dam Suite 259 North Shawn, DC 37581",ipitts@example.org
Mathew,Green,"929 Navarro Cove Suite 847 Michaelburgh, RI 06417",david05@example.com
Daniel,Diaz,"16651 Rice Lakes Apt. 348 Castillomouth, SD 91691",jenniferrivera@example.com
Lauren,Stewart,"485 Brittany Extensions East Joseph, MA 32475",thomasjulia@example.net
Randall,Herrera,"76989 Emily Rapids Suite 040 New Davidshire, VI 72110",yvance@example.net
David,Daniel,"153 Nicole Loaf East Aaron, MO 86654",nataliemoore@example.org
Jessica,Anderson,"60321 Ramirez Key Apt. 412 North Philip, VI 66282",rasmussenkristen@example.com
Haley,Salinas,"2765 Mcgrath Course South Glennview, TX 13836",logan78@example.net
David,Thomas,"240 Bruce Passage Apt. 320 Rodriguezmouth, HI 62433",whitney82@example.com
Christina,Ward,"1278 Saunders Cliff East Gregory, VT 21499",travis42@example.org
Morgan,Phillips,USCGC Perkins FPO AA 92911,gjackson@example.com
Robert,Campbell,"935 Jason Locks Apt. 201 Port Maureenmouth, MP 93112",daniel19@example.org
Timothy,George,"525 Smith Meadows Suite 720 Mooneyfurt, TX 09942",elijahcole@example.com
Jennifer,Bates,"63810 Aaron Burgs New Tylerchester, CO 45638",pamela85@example.com
Michael,Smith,"21279 Anna Mews Suite 243 Newmanshire, NC 73979",kdonaldson@example.org
Todd,Hall,"6020 Alicia Hollow Apt. 025 Lake Walter, MS 27909",cristian91@example.net
Mary,Maxwell,"1164 Wright Shoal Maryview, FM 88868",scottmelissa@example.com
Robin,Gilbert,"725 Chapman Mountain South Emilyview, HI 35837",ddawson@example.org
Brendan,Moore,"9211 Christopher Meadow West David, MP 15357",isnyder@example.com
Stacy,Collins,"PSC 0821, Box 2234 APO AE 98994",martin62@example.com
Scott,Miller,Unit 9020 Box 7431 DPO AA 87700,colemanstephanie@example.net
Michelle,Thomas,"352 Michael Brooks Suite 345 Robertville, MT 96646",fosteremily@example.net
Nicholas,Johnson,"86067 Lauren Avenue Apt. 767 North Elizabethshire, PR 15868",lcuevas@example.com
Gabriel,Walls,"PSC 6388, Box 5560 APO AP 78860",danaclark@example.org
Tiffany,Larson,"08050 Emily Dale Allenland, PW 66368",elliswilliam@example.net
Robert,Greene,"384 Danielle Green Suite 619 West Bradley, NC 43817",david80@example.net
John,Rowland,"34311 Sharon Valleys Apt. 110 South Austin, IA 52684",nturner@example.org
Holly,Scott,"670 Duane Mill Johnstad, NY 74633",watersbradley@example.org
Daniel,Stewart,"2634 Jacqueline Light Apt. 627 Wagnerside, GA 29011",icrawford@example.com
Michelle,Robinson,"61816 David Junction West Charlesmouth, OR 68458",christinedawson@example.org
Julie,Rodgers,"2991 Zachary Ports Jonathonmouth, IN 50951",kelleydavid@example.org
Jessica,Allen,"028 Blackburn Squares Apt. 466 Smithport, NV 04419",dlindsey@example.org
John,Giles,"5536 Beasley Stream Apt. 690 East Angelaview, RI 49076",irwinkristi@example.org
Samantha,Walsh,"8889 Tammy Throughway Suite 086 New Bryanfurt, NJ 51786",harristimothy@example.org
David,Bishop,"4875 Bond Ville Lake Jamiemouth, FM 02638",tshepard@example.net
Ryan,Sparks,"74145 Edward Pines Martinfort, NC 94767",davidmartinez@example.net
Justin,Moses,"1552 Murray Underpass Apt. 890 Port Jennifer, FL 12570",steven69@example.com
Meagan,Walker,"3535 David Mill New Gregorymouth, RI 65948",jeannecoffey@example.com
Bryan,Martin,"552 Lamb Springs Apt. 650 Bobbybury, AZ 72598",morrisontracy@example.com
James,Rasmussen,USCGC Barnes FPO AE 25194,crivera@example.org
Maria,Henderson,"53555 Ian Lock Michellefort, FL 16614",davidarnold@example.org
Robert,Holland,"32996 Amanda Valley Apt. 187 Lake Connor, NH 42911",amanda09@example.com
Nichole,Martinez,"10127 Samuel Green Jimmybury, UT 62880",avasquez@example.org
Patricia,Stephenson,"9972 Derek Villages Suite 457 East Stephanieland, ME 31673",sflores@example.com
Matthew,Brown,"9000 Miller Harbor Suite 457 Hallstad, ID 38102",andersonheather@example.net
Monica,Morrison,Unit 6356 Box 7947 DPO AP 49402,nelsondavid@example.com
Diamond,Valentine,"4879 Mary Corner Apt. 719 South David, MO 06225",andersonkayla@example.net
Gregory,Winters,"870 Salinas Lodge Jenningsborough, OH 63538",ramosmichael@example.com
Tracy,Jones,"71422 Daniel Crossing Apt. 085 Aprilville, MD 70544",annepetersen@example.org
Amanda,Blake,"9376 Jacob Court Port Denniston, IA 61218",michael09@example.com
Matthew,Lozano,"508 Peterson Corners Apt. 592 Port Dorisland, AK 26113",meghan31@example.net
Christopher,Key,USNS Phillips FPO AP 33067,jessica94@example.com
Ricardo,Russell,"037 Cooper Corner Apt. 840 Lake Jeffreytown, IN 61963",goodjill@example.com
Ian,Patterson,"769 Christian Park Apt. 554 Christineton, MI 49521",sanchezsusan@example.net
Arthur,Garcia,"23110 Christina Squares East Kellyside, IA 45923",velazquezangela@example.org
Mark,Bell,"65543 Andrea Shore New Walter, NH 86112",fhernandez@example.net
Jesse,Vazquez,"92007 Brown Path Laurenshire, SD 30172",peter88@example.net
Samuel,Johnson,"9907 Torres Prairie Serranobury, SD 10313",debrarobertson@example.net
Alexandra,Davis,"029 Ernest Greens North Michaelville, PA 40355",dmcknight@example.org
Michael,Brown,"4172 Grace Burgs Suite 133 North Danielle, GU 09914",gwendolyn31@example.net
Ellen,Rodriguez,USNS Hall FPO AE 98378,znelson@example.com
Sean,French,"1277 Scott Brook Suite 326 Turnerview, FL 44003",kjohnson@example.com
Nicole,Stewart,"45179 Daniel Inlet South Melissashire, FM 14519",ipowell@example.net
Andrea,Powers,"27520 Henry Lane Apt. 268 South Michele, AR 20890",whitneyhodge@example.net
Deborah,Lewis,"0200 Bond Parks Suite 952 East Amandafort, GU 48486",nbrown@example.org
Frank,Daugherty,"82297 Morales Hollow Apt. 747 Sharonbury, MH 91698",afuentes@example.org
Eric,Hutchinson,"63793 Karen Haven Suite 639 North Karenburgh, ND 32846",carolinebanks@example.net
Matthew,Wood,"05975 Haley Motorway Suite 735 North Jeffrey, UT 21615",david75@example.org
Gina,Williams,"0567 Michael Trace South Victorside, MS 37742",shawsamuel@example.com
Jeremy,Lester,"389 Heather Estate New Shannon, CT 48967",dennis55@example.net
Kathryn,Alvarado,"PSC 4172, Box 0482 APO AA 07584",kkrueger@example.org
Alexander,Christensen,"45603 Smith Isle Apt. 915 Bryanburgh, PR 23811",ymolina@example.net
Christopher,Martinez,"57410 Joanna Road Port Anthony, NY 22257",pwang@example.org
Michael,Gonzalez,"9413 Bryant Loop Suite 251 East Amy, AZ 31015",erowe@example.com
Shelby,Baker,USS Fisher FPO AA 00621,cookjennifer@example.net
Louis,Henry,"0268 Flores Canyon New Bobbybury, TX 72029",ckerr@example.net
Christopher,Roy,"84325 Jennifer Club Apt. 803 Morganland, DE 63470",bhatfield@example.com
Samuel,Smith,"182 Walsh Crossing West Colleen, NJ 57750",kdiaz@example.org
Rachel,Rivera,"9297 Alexander Lake South Williamberg, NH 41912",walkerscott@example.org
Gerald,Harrison,"03055 Megan Trail Apt. 776 Chambersstad, AR 24097",jason27@example.com
Manuel,Chang,"305 Jennifer Tunnel Michaelland, MS 78795",brownmichael@example.net
Kevin,Delacruz,"2324 Little Street Apt. 957 Huntville, KY 53298",wgreen@example.com
Brian,Daugherty,"795 Nichole Stravenue Apt. 647 Mariashire, PA 66261",xperkins@example.net
David,Gibson,"77162 James Courts Lake Carol, IN 08848",claudiaturner@example.org
Rita,Brown,"46210 Donna Lights Apt. 254 Port Stephanie, FL 48934",cruzrobert@example.net
Phyllis,Nicholson,"77245 Harris Valleys Apt. 758 Ellenfurt, GA 43526",njacobs@example.org
Keith,Smith,"23245 Gordon Drives Suite 307 Port Jacob, ND 16050",williamslauren@example.net
Jennifer,Brown,"99030 Hernandez Spring Timothyburgh, MH 08259",uthomas@example.org
Tiffany,Combs,"00200 Amy Groves Lewismouth, VT 42992",parkervictoria@example.com
Amber,Taylor,"296 Alexander Ports Suite 178 New Erinside, WI 05663",riverajennifer@example.com
Jeremy,Spence,"27030 Nancy Junctions Kylemouth, SC 06611",dylan51@example.org
Michaela,Novak,"2414 Cameron Neck Petersontown, WY 14423",thomas58@example.com
Travis,King,"8552 Miles Falls Rogerfort, VA 11363",brent41@example.net
Kimberly,Gonzales,"1768 Jackson Coves West Haley, CA 25548",sandersgary@example.com
Amanda,Hendricks,"28143 Stephanie Mission Suite 955 Fergusonmouth, FM 13477",austinbrenda@example.com
Joseph,Beard,"24942 Latoya Flat Hannaside, DC 04337",jonesdalton@example.org
Jason,Norris,"268 Nathan Point Suite 325 Port Jefferyville, MA 81346",stephanie85@example.org
Amanda,Tanner,"820 Hall Trace Suite 193 North Kimberlybury, VT 46109",tammyfrazier@example.net
Lynn,Brown,"690 Patel Trail Bethanyhaven, MP 61937",johnsongeoffrey@example.org
Bryan,Garcia,USS Allen FPO AA 17157,cheryl91@example.com
Brandon,Jones,"0716 Santiago Islands Apt. 381 New Daniel, GA 71908",rgonzalez@example.com
Richard,Meyers,"45911 Jessica Flats West Jameston, IL 44077",linjennifer@example.net
Beth,Luna,"8562 Jessica Camp Lake Danielstad, IN 30256",robinsonjennifer@example.com
Victoria,Contreras,"5473 Watson Squares South Julieburgh, KS 38589",qbender@example.org
Donald,Tucker,"49123 Jonathon Terrace Apt. 237 East Michaelmouth, WA 23797",griffithjeff@example.org
Jim,Johnson,"548 Stephenson Overpass North Jill, ME 57654",jill17@example.com
Jesse,Evans,"675 Frank Street Apt. 961 Rossview, NJ 36760",moorevictoria@example.net
Zachary,Collins,"1766 Joyce Islands Apt. 109 Portermouth, ND 81655",jenniferlee@example.org
Christopher,Cooper,USNS Duncan FPO AA 91547,reynoldslynn@example.com
Gabrielle,Miller,"938 Nicole Brook Catherinestad, MD 60423",elizabethcobb@example.org
William,Robinson,"3379 Walker Roads Apt. 019 Costamouth, OK 99391",destiny80@example.net
Michelle,Larson,"08016 Sutton Court Suite 400 South Stanley, OH 61102",lwatson@example.com
Timothy,Allen,"45720 Rhodes Mount Smithview, KS 16369",wmurphy@example.net
Vanessa,Houston,"3892 Ramsey Crossing New Saraborough, PW 48597",katrinasullivan@example.org
Alexander,Sullivan,"PSC 3846, Box 6080 APO AE 99158",courtneymorales@example.org
Scott,Nguyen,"57380 Shannon Road Apt. 308 East Carlosside, WA 97490",shelbyhammond@example.org
Stephen,Lopez,"245 Lopez Locks Elizabethbury, IL 95664",riverapatrick@example.net
Philip,Ford,"52476 Ray Path Suite 291 South Aprilfort, MO 04940",jonathangilbert@example.net
Sharon,Williams,"49741 Kelley Common Apt. 117 Port Seth, GU 56128",zsmith@example.net
Michael,Kennedy,USNS Wilson FPO AE 55986,brent62@example.com
Christopher,Bailey,"14056 John Mills Suite 727 Littleport, GU 48399",millerscott@example.com
Jorge,Bridges,"00108 Daniel Fields Rodneychester, OR 02564",michellemurphy@example.net
Victoria,Johnson,"46686 Sanchez Common West Lorettabury, AR 79598",jmclean@example.com
James,Burton,"28836 Espinoza Station Lake Jeffreyton, UT 12981",markward@example.org
Sherry,Walker,"26859 Orr Crest Margaretshire, AK 22225",jose05@example.com
Jeffrey,Simon,"0784 Jeremy Bridge Morrisport, MH 34574",jessica03@example.com
Rhonda,Duncan,"91914 Harris Plains Jamesberg, NC 68084",hailey01@example.org
Matthew,Moss,USS Perez FPO AA 94070,sweeneysarah@example.net
Jill,White,"36727 Rodriguez Locks North Peggymouth, NV 30884",stephensryan@example.org
Lindsey,Flores,"51539 Heather Roads Butlerview, CA 44038",andrea54@example.com
Jason,Webster,"80304 Morris Isle Apt. 978 West Steven, OR 53845",annchase@example.org
Janice,Rangel,"3032 Wright Fords Apt. 475 Port Cynthiafurt, AZ 49975",ryancruz@example.org
Mitchell,Smith,"08337 Brewer Forges Suite 093 Jameston, NJ 67549",johnsonamber@example.net
Michael,Smith,"92331 Jones Circles Apt. 658 Lake Shawn, CO 24763",justinmartinez@example.com
Kristen,Garcia,"2445 Ford River West Beth, MI 49183",rossnicholas@example.com
Debbie,Martinez,USNV Miller FPO AE 15412,zsandoval@example.net
Ashlee,Brooks,"38680 Davidson Creek Suite 047 Freemanport, PW 20070",michelle60@example.org
Michael,Mathews,"785 Gibson Run Suite 854 Gonzalezmouth, GU 98491",pedrowarner@example.org
David,Smith,"715 Romero Court Suite 765 Brendachester, MT 73272",michelle92@example.com
Michael,Woods,"0291 Bass Forges Cooperbury, TX 53557",brent05@example.com
Angel,Glass,"52267 Samantha Mall Apt. 106 South Sheila, DC 95280",jesus65@example.net
Katherine,Stokes,"577 Jose Shoal Suite 103 Josephburgh, NC 20398",jameshancock@example.org
Christopher,Stevens,"55467 Wendy Road Apt. 101 Lake Chadland, MN 70788",osullivan@example.com
Kevin,Brennan,"12691 Jason Valley Wardborough, ID 02254",mary02@example.com
Elizabeth,Hodge,"11122 Rachel Cliff Suite 582 East Amandaland, ND 84359",cwilson@example.net
Jill,Bowers,"2892 Julie Ridges Suite 773 New Mark, MN 44343",smithbianca@example.net
Mike,Avila,"09731 Schultz Circle Helenfort, GA 81590",kellyjames@example.org
Jodi,Leonard,USCGC Barker FPO AA 58552,fgomez@example.org
Jasmine,Bailey,Unit 9353 Box 7763 DPO AP 76575,mindywashington@example.net
Cole,Sanders,"287 Lori Run Mathewberg, SC 28187",debrafloyd@example.net
Lauren,Klein,"33160 Young Path Sarahfurt, RI 18218",jonathan77@example.net
Phillip,Ramos,"929 Courtney Inlet West Andrea, MP 39692",maria96@example.com
Ryan,Lara,"19246 Rose Plaza Brianfort, MO 78233",xlester@example.net
Erika,Clay,"398 Fox Course Suite 885 East Tracy, MI 67350",jessicasuarez@example.com
Bethany,Farmer,"00921 Hernandez Trafficway Scottborough, CT 27637",ericroberts@example.net
Michael,Flores,"PSC 2442, Box 0798 APO AP 77279",erin21@example.org
David,Trevino,"32757 Weber Views Suite 605 Hallborough, NM 02207",brentwright@example.net
Eric,Olson,"PSC 8393, Box 5244 APO AP 11827",mark85@example.net
William,Allen,"105 Howard Drive North Anita, MT 77694",ccameron@example.org
Anthony,Gibson,"1930 Gamble Grove New April, NE 47985",cperez@example.net
Jennifer,Edwards,USS Fletcher FPO AP 03404,sarah63@example.com
Ivan,Ramirez,"024 Jasmine Squares Fuenteschester, ME 06062",whill@example.com
Jennifer,Davis,"14029 Cruz Spur Suite 094 Christopherfurt, IN 93681",debra87@example.org
Stephanie,Vasquez,"3928 Johnson Vista Suite 067 South Robin, WA 06773",leah63@example.net
Karen,Padilla,"2098 Michael Road Apt. 488 Hallmouth, GU 56313",jennifer78@example.com
Elizabeth,Delgado,"9993 Ryan Parkway Suite 770 East Danielmouth, NC 99597",kristenjones@example.com
Jessica,Ingram,"950 Elizabeth Drives Suite 792 Smithberg, WI 61339",fcox@example.com
James,Blackwell,"5249 Dustin Ridge Lake Danaview, NM 97732",yelliott@example.org
Kristin,Scott,"16791 Melissa Spur Gomezborough, ME 05260",hartmarissa@example.org
Ralph,Walter,"16335 Henry Prairie Apt. 106 West Elizabethmouth, MA 63089",lori20@example.com
Karen,Morris,"7803 Bauer Run West Brianna, NV 87172",angela07@example.net
Samuel,Smith,"22181 Moore Center Apt. 168 West Davidton, NV 02205",pturner@example.net
Ashley,Stevenson,"4769 Drew Branch South Abigail, VT 85505",richardsoncorey@example.org
Christopher,Robinson,"59703 Christopher Ranch Suite 508 South Richardfurt, GU 73730",thomascantu@example.org
Jerry,Huff,USCGC George FPO AP 38820,andrewedwards@example.net
Michele,Reyes,"93977 Holloway Spring Suite 887 Jasonchester, GU 05021",linda66@example.org
Jesse,Barry,"5405 Daniel Stravenue Apt. 808 Emilyhaven, WV 56563",ywilson@example.org
Gene,King,"298 Woodard Grove Lisafort, AS 45551",wilsonjeffrey@example.org
Matthew,Juarez,"PSC 5761, Box 0354 APO AA 65625",arnoldamanda@example.org
Angelica,Yang,"5041 Johnson Freeway Rojastown, NY 76357",millersarah@example.net
Anthony,Baxter,"26338 Charles Mill Amyburgh, WV 92389",tinawood@example.com
Kimberly,Buckley,"965 Hill Harbor Lake David, MO 43395",garciacarrie@example.org
Matthew,Potter,"PSC 4352, Box 3622 APO AP 19401",susan39@example.net
Robert,Weaver,"PSC 8868, Box 1647 APO AA 81242",jessicamora@example.org
Stephanie,Burns,"21085 James Square Suite 226 Port Sarahberg, MS 55590",robertchavez@example.org
Donald,Brewer,USNS Carr FPO AP 25623,blakeamanda@example.org
Breanna,Peterson,"34503 Hanson Route Apt. 268 Anthonyside, MD 45755",eortiz@example.com
Matthew,Santos,"63107 Edwards Burgs South Kelseymouth, NY 11373",jasonrobinson@example.com
John,Brown,"0568 Brittany Plains East Amy, WV 94254",etrujillo@example.net
Rachel,White,"768 Manuel Greens Lake Charles, HI 09166",georgebridget@example.org
Marcus,Martin,"0097 Carolyn Shore Suite 698 Brooksmouth, TX 34916",mccartyamanda@example.org
Laura,Barrett,"6001 Perez Shoals Suite 830 South Brianton, NY 16150",wilsonashley@example.net
Jessica,Beard,"730 Stephen Highway North Zachary, IL 28959",michaelthompson@example.com
Colleen,Roberts,"7868 Debra Mews Allisonhaven, NJ 54916",rachel08@example.net
Pamela,Davila,"101 Michael Summit Apt. 411 Susanview, RI 21130",chenpeter@example.org
Carla,Hunter,"149 Christopher Neck Port Chelseyhaven, GU 42211",gary27@example.com
Michael,Garcia,USNV Cabrera FPO AP 21758,paulsawyer@example.net
Candice,Hamilton,"246 David Stream New Jennifer, SC 05369",angelicaterry@example.net
Sean,Warren,"PSC 0693, Box 1119 APO AP 13288",colemanrebecca@example.net
Brittany,Guerrero,"983 Edwards Inlet Campbellhaven, NJ 64181",rroach@example.org
Daniel,Allen,"5216 Jason Courts West Gary, SC 84694",raymond42@example.net
Brianna,Wells,"338 Adkins Crossroad Lake Emilychester, MI 92418",david16@example.com
April,Townsend,"193 Parsons Rue Suite 468 West Kevin, DC 46728",uwilliams@example.net
Brianna,Campbell,"847 Jon Plain Longland, LA 63113",chodges@example.net
James,Benitez,"293 Nancy Gardens South Karlchester, IL 44887",burkejohn@example.org
Sandra,Sullivan,Unit 0338 Box 0082 DPO AA 34878,caseytanya@example.net
Nicholas,Rogers,"0193 Hurst Port Apt. 711 Baxterfort, DC 63258",allenpatrick@example.com
Michael,Mccoy,"0358 Forbes Throughway Kayleeport, NV 80567",paulryan@example.net
Angela,Tate,"0985 Erickson Key Apt. 682 North Jennifer, SD 07887",tonybird@example.com
Dawn,Ortiz,"216 Fernandez Isle Sharonmouth, VA 90352",matthew68@example.org
Gregory,Kidd,"5089 Wilson Ways Suite 044 Greenmouth, MT 94105",crawfordamy@example.net
Cheryl,Arroyo,"2136 Stanley Drive Suite 592 Lake Alejandro, CO 52996",colemanmichelle@example.com
Deborah,Williams,"264 Stuart Gardens Lake Kendra, NY 56068",ernest74@example.net
Reginald,Contreras,"8149 Gonzalez Crest Apt. 258 East Brittanyton, IA 47884",alozano@example.net
Jordan,Perez,Unit 3659 Box 6747 DPO AP 85693,anthonybarton@example.org
Christopher,Jackson,Unit 0086 Box 7244 DPO AA 36832,monicapage@example.net
Michael,Bates,"71150 Perry Plain Apt. 192 Adamside, DE 09396",trevorpeters@example.com
Lauren,Rios,"39824 Kim Overpass Apt. 568 Reyesside, NH 97759",debra80@example.net
Kelly,Ellis,"38356 Ricky Meadow Suite 248 Joshuamouth, NM 23444",allison46@example.com
Don,Coleman,"889 Evans Shores Suite 445 Reedberg, IA 48261",michaelbrewer@example.net
Catherine,Watkins,"PSC 3146, Box 5823 APO AE 33712",hallmax@example.com
Miranda,Turner,"1892 Christina Via Apt. 755 Hollandhaven, OH 72917",cyoung@example.com
Gabriel,Smith,"3565 Gonzalez Meadow Apt. 401 North Malloryburgh, HI 38579",howebrandon@example.com
Melissa,Jordan,"1702 Smith Field South Shawn, IL 62761",theresamartin@example.org
Joseph,Johnson,"PSC 0100, Box 7561 APO AA 22522",therring@example.net
Amber,Williams,"PSC 4612, Box 6784 APO AP 40714",david03@example.com
Ryan,Jones,"54523 Salazar Passage Apt. 070 Port Royport, MN 07797",kruegercarrie@example.org
Roger,Wilkinson,"56414 Ashley Park Apt. 082 New Jerrychester, WA 87034",nathan07@example.org
Julia,Mckinney,"944 Lisa Freeway Suite 327 Port Justin, KS 73018",campbellmatthew@example.com
Michelle,Roberson,Unit 9261 Box 2360 DPO AA 02437,pwhite@example.org
Amy,Lee,Unit 3240 Box 5673 DPO AE 62179,heather11@example.com
David,Lawson,"6475 Amanda Estates Suite 281 Elizabethton, AS 89259",vmatthews@example.com
Amy,Ware,"800 Ramos Freeway Apt. 575 Robertport, MI 06961",hollyberry@example.org
Adam,Williams,"PSC 2881, Box 2289 APO AE 35187",kennedyjennifer@example.net
Jane,Gray,"265 Joshua Points Powellberg, MH 55740",jjefferson@example.org
Crystal,Mcgrath,"430 Walter Mission Apt. 284 Joshuatown, IL 04719",jamesstanley@example.net
Angela,Torres,"8225 Devin Street Wilsonberg, WA 85458",jessicasullivan@example.org
Kimberly,Hays,"18424 Mathis Vista Apt. 591 Port Benjaminberg, WI 69351",melaniecastro@example.org
Alyssa,Wright,"23153 John Road Suite 316 Lake Timothychester, FL 17795",becky61@example.net
Diane,Fields,"56310 David Estates Suite 102 Paulchester, VT 46093",hansencrystal@example.net
James,Morales,"23976 Kim Corners Suite 482 Port Andrealand, OK 23298",nburns@example.org
Keith,Rodriguez,"4968 Kathryn Mission South William, AS 30651",kwheeler@example.com
Jennifer,Gentry,"4980 Collier Ports North Amymouth, NJ 68070",jessicawilson@example.net
Angela,Walsh,"281 Kim Loaf Suite 755 Lake Leslie, TN 69001",thomaskimberly@example.org
Emily,Jones,"PSC 8850, Box 9045 APO AP 57743",thomasrobertson@example.net
Jack,Stafford,"8489 Joann Drive Apt. 875 Smithshire, DE 06130",nealcraig@example.org
Amanda,Tapia,"822 Jonathan Light Suite 259 Wesleyfort, IL 41032",stephenlove@example.org
Robert,Leonard,USS Harrison FPO AP 98606,wjones@example.com
Hannah,Henderson,"42084 James Plain Apt. 669 Erintown, MS 33913",cbridges@example.com
Wendy,Burch,"7375 Dalton Pike Suite 815 Thompsontown, AR 24280",mark02@example.org
Charles,Davenport,USS Bell FPO AP 69291,brianna41@example.com
Michelle,Hartman,"4037 Mahoney Unions Apt. 879 Jasontown, MS 66758",johnsoncarrie@example.com
Brandon,Jackson,USNV Maynard FPO AE 88737,callahanjorge@example.net
Mary,Mccann,Unit 0681 Box 9012 DPO AA 30948,manuelnichols@example.org
Crystal,White,"1756 Brown Port Kellyberg, ID 95600",kimberlyedwards@example.com
Joseph,Watson,Unit 5263 Box 0526 DPO AE 62863,ibarr@example.com
Heather,Bowers,"905 Payne Overpass Suite 970 East Chloeview, VT 15388",raymond91@example.net
Mariah,Curtis,"8212 Adam Mews Apt. 391 Sonyaburgh, MN 50575",stevechen@example.org
Anthony,Roberts,"8288 Hernandez Ramp Suite 288 South Sylviaside, MN 13392",flemingtammy@example.com
Jill,Turner,"2125 Foster Drive Suite 681 Lake Wandaview, WI 40512",brendabeck@example.net
Heather,Rogers,"146 Baldwin Walks Victorshire, CO 84941",dennis28@example.net
Monica,Hunter,"35760 Smith Pines Apt. 705 Davidhaven, OR 51863",robinsonalicia@example.com
Sandra,Bryan,"90886 Harrison Mountains Brownville, IA 37921",parrishwalter@example.net
Brenda,Adams,"1476 Benjamin Trace Suite 984 Johnstonland, WV 23346",rarias@example.org
Bryan,Howard,"23041 Dixon Parkways Lake Sharimouth, AZ 95811",marcproctor@example.com
Matthew,Petty,"992 Frost Burgs South Andrea, ND 06514",gibsonjeremy@example.org
Wayne,Ross,"23195 Mccarty Mount Apt. 498 North Emily, MI 01463",smithoscar@example.org
Justin,Holmes,"335 Lang Fort Apt. 572 Robertsonstad, CA 11803",mirandapowell@example.com
Brandon,Adams,"2412 Maureen Radial South Jamesborough, UT 77167",sbennett@example.net
Carlos,Riley,"61131 Nicholas Burgs Kirkton, SD 08238",villanuevamark@example.org
Robert,Austin,"4425 Burch Mountains Apt. 416 North Samuel, AK 15163",kimberlydawson@example.com
Edward,Harrell,"312 Curry Square Port Crystal, VT 08361",bobbyedwards@example.org
David,Cox,"358 Martinez Crossroad Gonzalezberg, NH 66030",jmckay@example.net
Marissa,White,"021 Michael Cliffs Port Jeffreyhaven, MO 20337",williecollins@example.net
Kelly,Trujillo,"3935 Jennifer Estate Suite 111 Aprilton, GA 66416",brittanydavis@example.com
Sergio,Brown,"67565 John Fork South Douglasport, MT 27249",craigmelissa@example.com
Aaron,George,"41698 Wright Walk Apt. 088 Staceymouth, AZ 16142",danielbowers@example.net
Christine,Moore,"3893 Rachel Rapids Suite 450 Cassandraville, LA 61418",pamela37@example.com
Thomas,Gonzales,"79974 Church Greens East Theodore, OK 17553",taylorbeard@example.net
Brian,James,"83058 Sean Knolls West Willie, MN 81988",sjuarez@example.com
Lisa,Vincent,Unit 3028 Box 9700 DPO AE 29933,hawkinsjennifer@example.com
Kyle,Garrett,"15797 Heather Underpass Apt. 519 Martinborough, LA 93538",carlosfuentes@example.org
April,Aguilar,"483 Ann Wells Apt. 735 North Daniel, NJ 05159",jasontownsend@example.net
Sharon,Moore,"66510 Stephen Ford Apt. 002 West Gary, IL 42826",ffowler@example.org
John,Fernandez,"5756 Ryan Estates Davisshire, GU 55454",jose96@example.com
Christopher,Collins,"5268 Shawn Roads Emilymouth, SC 05906",heatherweaver@example.com
Justin,Clark,"7673 Martinez Burgs Robertport, MO 40223",donaldreeves@example.com
David,Garcia,"86226 Kelli Terrace Apt. 035 East Aaron, AK 56800",michaelmaxwell@example.org
Kurt,Young,"326 Doris Square Apt. 251 Davenportchester, MA 13739",christopherross@example.com
Adam,Perkins,"84909 Roy Bridge New Dave, IN 63895",jacob06@example.org
Sylvia,Powell,"90522 Jennifer Knoll Apt. 971 Lake Tonyaborough, DC 12666",patriciaphillips@example.com
Anthony,Wilson,"486 Amy Lodge South John, OR 28314",richardfox@example.net
Mark,Pitts,USS James FPO AA 94715,audrey24@example.com
Kenneth,Hayes,"09028 Jones Ports Suite 271 Woodsland, MO 52425",ortizdarrell@example.net
Joshua,Wright,"8189 Shane Village West Christopherton, NM 61934",david94@example.com
Ryan,Vargas,"6134 Matthew Brooks Apt. 522 Lynnshire, TN 92768",christopherturner@example.com
Emily,Thompson,"18695 Davis Coves Apt. 972 New Patrickfort, ME 67278",angela00@example.org
Amy,Morris,"73581 Ashley Mills East Jeremybury, IA 87929",jenniferjohnson@example.org
Melanie,Cruz,"1461 Carmen Points Tammyton, NJ 13820",ronaldpugh@example.net
Valerie,Kennedy,"71013 Ronald Pike Apt. 407 Browntown, WY 28185",alexandrapaul@example.net
Tyrone,Campos,"2510 Stephen Via Apt. 822 Samanthafort, MD 72487",azimmerman@example.org
Michael,Davis,USNS Swanson FPO AP 04078,lisakirby@example.org
Adrian,Thomas,"992 Pruitt Shoal Suite 550 Lake Christine, ND 84717",gonzalesdavid@example.net
Maria,Adams,"524 Miller Estate Port Sandra, UT 59094",grahambrian@example.net
Kayla,Garrison,"5609 Kathy Falls Apt. 865 Johnsonhaven, WI 80125",paulwillis@example.com
Courtney,Johnson,"5644 Mathews Skyway Colemanfort, CA 80608",kelly47@example.org
Whitney,White,"182 Fields Route Suite 978 Port Patrick, MI 82710",morgantran@example.com
Robert,Brown,"516 Evans Tunnel Masseyside, NE 15099",coopereric@example.org
Eric,Shea,"77442 Howard Tunnel Lake Justin, SD 27107",andrew72@example.net
Isaiah,Thomas,"6351 Christine Park Wolfeburgh, NY 96841",francisryan@example.net
Thomas,Flores,"PSC 4678, Box 3459 APO AP 80791",scott93@example.org
Timothy,Burke,"527 Barker View Apt. 333 South Jenny, SD 03107",smithdaniel@example.net
Joel,Bishop,"066 Gomez Mount Cooperfurt, AS 94021",rickwilliams@example.net
Paul,Johnson,"71271 Hall Ways Suite 260 South Rhondashire, NJ 89989",bartlettbrett@example.org
Christopher,West,"02322 Mike Mall Suite 465 Port Dan, GA 49243",janet49@example.net
Michael,Rice,"90434 Pineda Mission Suite 289 North Jonathan, NE 02494",cmckenzie@example.net
Alexandra,Strong,"05016 Smith Brooks Apt. 233 Cynthiamouth, NV 61349",nathaniel47@example.com
Christopher,Gonzalez,"3374 Margaret Walk West Julianmouth, AL 64144",christina62@example.org
Robert,Cox,"825 Veronica Points Apt. 956 West Christophershire, PR 18773",wilsonjacob@example.com
Jennifer,Castillo,"0174 Perry Hollow Suite 941 Lake Ricky, NJ 89752",bradley10@example.org
Nancy,Stout,Unit 6014 Box 8869 DPO AE 89087,ricejohn@example.net
Rebecca,Myers,"2862 Jennifer Lane Bethland, MP 95306",amanda74@example.com
Sherri,Carr,"51960 Allen Plain Port Jillton, MS 47089",walshdevon@example.com
Sara,Dickerson,"225 Larson Cliff Suite 574 Andreamouth, LA 86610",michael37@example.net
Ryan,Carson,"9532 Smith Union South Ryanside, VI 21497",ashley45@example.com
Suzanne,Tucker,"66300 Zoe Point Apt. 261 West Misty, AL 74006",cookmadison@example.net
Erin,Frey,"68824 Bowman Road New Laurenfurt, VA 91936",qjohnson@example.org
Jeremy,Smith,"45565 Jacob Junctions Apt. 504 Yatestown, VA 23172",oburns@example.net
Kristina,Peters,"74347 Griffin Lodge Apt. 285 Parkerstad, PW 66091",ppeterson@example.net
Rebecca,Martinez,"788 Jennifer Ridge New Melissaland, MT 80418",bowmanallison@example.com
Anthony,Morris,"134 Wise Mountains Apt. 705 Johnport, OK 75533",emunoz@example.org
Charles,Saunders,"PSC 2032, Box 6583 APO AP 82936",grussell@example.com
Frances,Rhodes,"389 Dalton Glen Suite 210 South Richard, KS 52511",melinda24@example.com
Natasha,Lawrence,"36036 Dillon Village Port Erinmouth, SD 31335",ufox@example.org
Angela,Owens,"071 Gray Orchard Jayfort, PW 66603",brooke50@example.com
Helen,Hughes,"160 Reyes Brooks East Katherine, NY 63495",wendyberry@example.com
Monica,Soto,"12142 Zachary Stravenue Suite 620 Kathleenside, MH 47831",rubenstrong@example.net
Andrew,Bennett,"112 Lindsey Bypass Apt. 418 Donaldland, IA 75251",jason88@example.com
Michelle,Lam,"6501 Guerrero Camp Apt. 706 Debrafurt, IN 14934",amanda88@example.org
John,Hernandez,"351 Rodriguez Club Suite 448 Tracyland, VA 03814",sherry77@example.net
Christine,Ball,"6159 Melissa Bridge South Raymond, CA 72376",bgray@example.com
Jeffrey,Ray,"66949 Allison Circle Lake Maryborough, AS 09431",johnsonshelly@example.com
Jennifer,Allen,"11109 Emily Court Apt. 714 Petersonland, GA 22704",ronald46@example.com
Ricardo,Adams,"917 Hernandez Groves New Christopherview, WI 27351",frederickjones@example.com
John,Shaffer,"67413 Middleton Station East Drewville, AS 90934",stevejackson@example.com
Joe,Powell,"3405 Lindsay Oval Apt. 285 South Gabrielmouth, ND 92368",dfields@example.org
Cody,Wilson,"PSC 9288, Box 3006 APO AA 00923",lewismelinda@example.net
Joshua,Torres,"280 Washington Bypass Suite 181 Aprilburgh, SC 92541",smithamber@example.net
Amanda,Johnson,"870 David Lodge Robertside, WY 89083",lauren97@example.org
Joshua,Gilbert,Unit 0115 Box 0415 DPO AA 63798,kristin77@example.net
Samantha,Barnes,"1132 Brooks Isle Apt. 535 North Johnton, FL 08922",popenicholas@example.net
Hannah,Ward,"355 David Flat Suite 429 West Jesse, UT 06284",james10@example.com
Michael,Weeks,Unit 1660 Box 1328 DPO AA 87142,russell71@example.org
David,Lopez,"7096 Frank Underpass North Melanieberg, OH 77755",stevewashington@example.net
David,James,"984 Michele Divide Suite 281 Tammyshire, OH 00729",baldwinderrick@example.net
Deanna,Morton,"78621 Patricia Station Apt. 228 Donmouth, UT 77566",fishergrant@example.com
Donna,Schmidt,"794 Gilbert Centers Suite 553 Nataliemouth, ND 97320",chadrowe@example.net
Lauren,Davis,"2041 Steven Trail West Andremouth, AR 92082",annmcintosh@example.com
Richard,Doyle,"680 Michael Underpass North Greggstad, MT 00944",jocelyn47@example.org
Claudia,Wade,"19128 John Road Apt. 129 Lake Colton, AK 62955",josephcarrillo@example.com
Donna,Chen,"54176 Carly Fields Apt. 416 Meghanburgh, VT 66696",martineznathan@example.net
Eric,Hill,"175 Hobbs Mission Suite 407 North Brianaland, NJ 44128",davidpayne@example.org
Janet,White,"PSC 3083, Box 2032 APO AA 38494",youngeduardo@example.com
Nancy,Herrera,"38809 Chad Route Suite 813 Davidland, DC 17209",brendaandrews@example.com
Ryan,Flores,"697 Todd Mews Troyview, NC 25858",zlopez@example.net
Jesse,West,"021 Wendy Point Connermouth, LA 35721",vphillips@example.net
John,Krueger,"PSC 7299, Box 2610 APO AA 19131",frose@example.org
Nicole,Branch,"69454 Jacob Knoll Paulville, WI 46688",andreamcclure@example.net
Allison,Lambert,"822 Anderson Key Suite 203 Bradfordshire, KS 12994",bprice@example.com
Michael,Gill,"0762 Ashley Bypass Suite 382 Kristenshire, SC 29804",scottmontgomery@example.org
Joshua,Buchanan,"454 Beck Wall Maysport, NC 25066",kimberlyruiz@example.org
Shelby,Brooks,"77762 Miller Ridge Suite 041 Lake Tiffanymouth, ID 80830",pfischer@example.org
Mark,Paul,"374 Galloway Roads Apt. 635 North Debra, MD 97609",barberdebra@example.net
Connie,Anderson,"36664 Jason Ville Apt. 702 Lake David, CT 68506",kariowen@example.com
Kelsey,Weber,"05698 Hinton Ways East Scott, WA 45501",aconway@example.org
Andrew,Hernandez,"5984 David Trail Lake Brendaport, CO 93447",pamela39@example.com
Connor,Armstrong,"5715 Charles Brooks Apt. 494 Ryanview, CO 41541",kcraig@example.com
Matthew,Wells,"877 Richard Islands Welchton, NC 05755",john32@example.com
Joshua,Young,"478 Kyle Estate New Christine, MN 00829",fuentesjames@example.org
Janet,Lozano,"894 Gregory Hills Suite 116 Julieshire, DE 86049",sheilabyrd@example.com
Kimberly,Potter,"4041 Monica Shores North Jessica, GU 84826",ianthony@example.org
Susan,Freeman,Unit 7524 Box 6066 DPO AA 30201,richardlopez@example.net
Jennifer,Carter,"302 Shelley Lodge Apt. 195 Stevenstown, WY 99169",nathansnyder@example.com
Cynthia,Terry,"364 Garcia Stream East Sarah, GU 04063",debra41@example.com
Marvin,Marks,"5308 Robert Loop Brooksview, IA 40263",frankrojas@example.org
Stephanie,Hall,"1719 Joshua Walk Hartmanbury, ID 74265",martinryan@example.org
Aimee,Hicks,"497 Dale Islands Apt. 122 North Tammy, OR 00724",stewartblake@example.com
Elizabeth,Sims,"95397 Kent Corner Tammymouth, MO 17478",michelle01@example.net
Jared,Andrews,"272 Pamela Turnpike Suite 667 West Charlene, TN 83723",hartsharon@example.net
Jessica,Mendez,"2540 Samuel Causeway Suite 330 West Laurie, IA 06041",dtaylor@example.org
Emily,Marsh,"15234 Judy Road Apt. 581 Port Janeview, FL 06663",douglas50@example.net
Sheri,Becker,"672 Morris Circle Suite 678 Annebury, FM 34601",egilbert@example.net
Shelby,Yates,"973 Thompson Village Jeremyborough, NY 94431",zacharyrodriguez@example.org
Katie,Myers,"31395 Jeffrey Crossroad Apt. 677 Kingview, ID 54167",watsonchristopher@example.org
Brandi,Peterson,"96137 Brown Turnpike Suite 094 Wesleyport, AK 60518",kellieanderson@example.com
Pamela,Brown,"079 Denise Plains North Jenniferborough, IN 47528",patrick61@example.net
Brenda,Gibson,"483 Heidi Way Suite 588 Lake Stephen, NM 06061",grossmarc@example.net
William,Jones,"19951 Caitlin Estate Port Rebekahbury, PW 36887",groberts@example.com
Paula,Perez,"856 Nathan Ramp Apt. 415 Ethanton, MS 78010",lesliereyes@example.com
Anthony,Wilson,Unit 7690 Box 1172 DPO AP 42254,donald63@example.com
Mary,Holland,"9836 Tammy Estates Mossshire, NJ 57423",aliciale@example.org
Anne,Decker,"0861 Julia Track Apt. 806 Silvachester, WY 95152",kylemoore@example.org
Deanna,Patrick,"44221 Ariana Flat Apt. 117 Martinshire, NE 85629",robertsmith@example.com
Suzanne,Levy,"609 Rhonda View Suite 239 Port Jaredshire, GA 11289",annathomas@example.org
Christopher,Myers,"75692 Franklin Courts Brendaberg, NJ 31500",wrightamy@example.org
Penny,Jackson,"3638 Schultz Walk Suite 097 Lake Shawnville, OH 09024",brettharris@example.net
Matthew,Murray,"73990 Tracy Trafficway Suite 025 Ericborough, AL 20336",craigpalmer@example.net
Tonya,Barron,"4849 Marc Ferry Apt. 853 Steveland, SC 54195",jason77@example.net
Angela,Brooks,"455 Kenneth Walks Sherriville, NC 91861",oconnellbrian@example.net
Timothy,Wade,"177 John Loop Higginsborough, LA 84515",joseph13@example.net
Whitney,Ferguson,"9403 Black Crest Jasonfurt, VA 24242",franciscofischer@example.net
Jessica,Welch,"8671 Perez Circle North Angela, WI 57080",lowens@example.org
Jose,Peters,"70896 Lauren Neck Apt. 615 Lake Timothyfort, NC 20557",phanson@example.org
Jeanette,Hess,"68543 Russo Well Apt. 412 Lake Jeffreyborough, WI 94765",maria03@example.org
Joan,Nelson,"8697 Oliver Unions Apt. 224 Nicholasport, WY 53800",williamsjacqueline@example.com
James,Murphy,"4672 Patel Curve Lake Aliciaton, RI 60839",goodwindennis@example.com
Joshua,Keith,"069 Molina Motorway Suite 662 Sloanport, MH 77317",josephpham@example.com
Ricky,Sharp,"9864 Christensen Land Karistad, MS 85901",warnerdeborah@example.com
Martin,Larson,"79450 Lloyd Divide Apt. 594 South David, ND 38989",danielbarber@example.net
Pamela,Robinson,"538 Amy Mews Apt. 359 Derekberg, GU 41582",david42@example.com
Zachary,Williams,"7392 Corey Neck Apt. 550 Shelleyborough, MH 57358",johnsmith@example.com
Brian,Sanchez,"20064 Sharp Square New Adam, NY 06496",eperry@example.net
Eric,Moore,"8613 Sarah Mills Gibsonfurt, MA 54533",rebeccarichards@example.org
Brett,Brown,"7974 Heather Lake East Ashley, DC 53118",adavis@example.net
Angela,Holt,"4570 Rhonda Points Suite 873 South Allison, DC 20077",angela30@example.net
Jacob,Campbell,"4287 Kathy Creek Suite 945 Laurastad, DE 13945",martinbrandy@example.net
Laura,Morgan,"PSC 0311, Box 5480 APO AA 73047",shawn40@example.org
Amber,Davis,"03554 Swanson Crest Apt. 682 Lake John, MD 60193",fdiaz@example.org
James,Conner,"35567 Rocha Spurs Suite 412 West Kathryn, FM 69557",virginiabrown@example.org
Debra,Hooper,"76929 Taylor Highway Romeromouth, TN 31724",andrew85@example.org
Michael,Stephens,"PSC 4648, Box 2289 APO AP 98003",kyle77@example.com
Clifford,Blankenship,"097 Spence Coves Suite 460 Lake Triciabury, PW 73594",judithmorgan@example.org
Kelly,Clark,"4370 Hayes Mills North Cheyenneport, MI 46520",terriwise@example.com
Gabriel,Jones,"1006 Todd Avenue West Michaeltown, PA 83310",ularson@example.com
John,Armstrong,"2770 Carter Street Suite 886 Kathrynton, SC 88353",robertsmichael@example.org
Gregory,Duncan,"402 Johnson Street Apt. 674 Christopherstad, PR 48210",danielle88@example.org
Sara,Lane,"559 Gonzalez Well Suite 905 West Christina, MP 48942",pmartinez@example.com
Aaron,Hall,"75269 Joan Fort Gregoryfurt, PR 37398",joseph39@example.com
Kenneth,Keller,"334 Anna Shore Coxhaven, MT 13039",byoung@example.net
Nicholas,Calderon,"7108 Sara Estates Apt. 815 West Kyleburgh, VT 10676",monica94@example.org
Tyler,Smith,"PSC 1726, Box 6360 APO AA 32463",afranco@example.org
Spencer,Smith,"38343 Mejia Crossing Johnstad, ME 05282",cynthiamedina@example.net
Theresa,Reid,"57921 Amanda Bypass Lake Nicolehaven, OK 88408",cookkimberly@example.net
Colleen,Garner,"703 Tina Neck Suite 265 Kristinbury, AR 39140",nmartin@example.com
Micheal,Figueroa,"460 Olivia Square West Sheila, OK 87594",jennifer87@example.net
Timothy,Powell,"170 Patel Road Russellland, AZ 63173",nmccarty@example.net
Kaitlyn,Reed,"9325 James Brooks Apt. 128 New Kimberly, NH 19902",vsmith@example.com
Jeffrey,Meyer,"52215 Dodson Street Lake Sydneymouth, UT 07577",riley89@example.net
Karen,Benson,"91621 Carter Knolls North Christopher, CT 08538",clayton27@example.org
Kyle,Mejia,"62240 Watts Ridges Waynemouth, ME 60664",qhanson@example.com
John,Wade,"97061 Brooks Rest Jonathanside, VI 93876",thomaseric@example.net
Brandon,Nichols,"2868 Brooks Summit Apt. 851 Wallerfort, RI 02683",samantha77@example.org
Jennifer,Bryant,"80723 Austin Plaza Apt. 801 Olsenside, NV 51043",sandersstephanie@example.com
Melody,Scott,Unit 9402 Box 9955 DPO AA 74440,davidhernandez@example.com
Audrey,Rodriguez,"82842 Carla Viaduct Apt. 992 Michaelmouth, AK 70258",terrellmatthew@example.com
Renee,Taylor,"646 Michael Tunnel Rodriguezborough, MO 97313",russellashley@example.com
Sarah,Moody,"89520 Reynolds Roads Drakeville, NH 29752",harrisandrew@example.org
Christina,Mcdaniel,"496 Terrance Mills Suite 176 North Suzanne, VA 17473",johnsonbrittany@example.com
Troy,Miller,"1040 Solis Coves Brandiland, NV 90473",oandrade@example.com
Shelby,Reed,USNV Perry FPO AA 91918,meganbutler@example.net
Tammie,Lewis,"24097 Shawn Forges Apt. 633 New Lynn, OK 96843",hughesholly@example.com
Mackenzie,Davis,"32002 Tyler Run Suite 181 Port Samueltown, NC 42659",andersonmichael@example.org
Melissa,Lawson,"75903 Mercedes Parks Seanberg, NJ 38829",natalie45@example.net
Robert,Edwards,Unit 8197 Box 6279 DPO AA 44902,tammymeyer@example.org
Katherine,Lee,"0348 English Drives Suite 744 Ronniemouth, SD 17479",markfernandez@example.net
Michelle,Callahan,"54028 Farley Wall Apt. 768 New Scotthaven, IL 67122",youngjoshua@example.org
Robert,Jarvis,"48103 Delgado Lodge Suite 603 North Karen, AK 79124",santiagoclifford@example.com
Elizabeth,Gallagher,Unit 1586 Box 7150 DPO AE 60690,frostelizabeth@example.net
Danielle,Morales,"78798 Miller Wells Suite 191 North Jerry, UT 59083",oriley@example.net
Jerome,Brown,"8566 Dean Port Pottstown, TX 99243",ellen74@example.org
Heather,Johnson,"1127 Humphrey Spring Apt. 972 Billychester, ID 74583",uchurch@example.com
Yvonne,Davis,"155 Miller Flat Apt. 433 Theresaport, AL 28655",jennifer66@example.com
Joseph,Williams,"353 Wesley Mount West James, NJ 14551",dalearnold@example.org
Dawn,Smith,"2077 Lauren Ways Lake Tarafort, MA 55293",susan62@example.com
Robert,Mills,"040 Hogan Village Chelseamouth, NE 36681",ybell@example.com
Paula,Brown,"27966 Michelle Common Suite 290 East Jamesberg, OR 87874",jhampton@example.net
Kristen,Hernandez,"177 Stephens Ports Port Deniseton, NV 07831",simonjames@example.org
Diana,Craig,"783 Miller Drive East Lindsey, FM 51611",valexander@example.com
Lisa,Fernandez,"03895 Teresa Plaza Lake Julia, AL 94296",chadjackson@example.com
Dana,Garcia,"37416 Wagner Glens West Ryan, HI 92269",lowemariah@example.net
Kim,Roberson,"1377 Adam Road Suite 034 Lake Teresaside, AR 18536",charles53@example.org
Lisa,Lucero,"212 Cohen Springs West Jenniferland, OK 19781",stephaniemccoy@example.net
George,Francis,USNV Johnson FPO AE 54891,jeffrey03@example.com
Corey,Frank,"8555 Campbell Manor Suite 017 Lake Emily, LA 37513",andersonfrances@example.com
Alisha,Wright,"9302 Susan Creek Apt. 102 North Nathanfort, SC 06082",garciatimothy@example.org
Stephen,Cruz,"7739 Robinson Flat Apt. 939 Michaelview, CT 37518",reiddean@example.org
Robert,Barnes,"944 Gutierrez Mission South Andrew, CA 15235",christopherday@example.org
Craig,Edwards,"720 Moore Centers Suite 701 South Scottmouth, CA 88583",msmith@example.net
Michael,Mcdaniel,"90588 Goodwin Streets Apt. 580 Lake Cameron, PR 52642",thuffman@example.com
Shane,Hoover,"49894 Kevin Burgs Hendersonberg, AL 93181",michellegarcia@example.com
Jessica,Smith,"584 Rodriguez Light Suite 661 Port Samanthaborough, SD 61568",robert19@example.com
Angela,Miller,"409 Debra Trafficway South Robertberg, PA 18406",becky72@example.org
Joshua,Butler,"8230 Kristina Well Suite 736 Lake Tylermouth, DC 58500",seancarter@example.org
Tracy,Parker,"947 Andrews Alley Apt. 256 New Traci, NM 30737",danablanchard@example.net
Michael,Hunter,"3832 Pedro Lane Perezburgh, AS 98770",hudsoncharles@example.com
Emily,Lee,"774 Townsend Roads Suite 511 Mendozatown, NJ 76580",carmenwiggins@example.net
Theresa,Rodriguez,"494 Robert Drive Suite 187 Port Aaron, DC 24477",charlesthomas@example.org
Barbara,Lopez,"729 Melissa Creek Roychester, OK 84516",laura15@example.com
Monica,Miller,Unit 8595 Box 3409 DPO AE 57543,rosebenson@example.net
Angela,Gomez,"9984 Allen Fords Robertside, MP 08787",srussell@example.com
Michelle,Rogers,Unit 8912 Box 8322 DPO AA 15666,hollyadams@example.com
Jamie,Griffith,"07489 Owens Shoal Apt. 013 Stephaniefurt, VA 45916",robertclark@example.org
Steven,Lane,"96675 Carroll Islands Suite 197 Hortonchester, SC 40523",jennifer24@example.net
Sabrina,Wise,"213 Jeffrey Creek Suite 297 Cabreraville, WV 18733",gregory91@example.com
Stephanie,King,"465 Thomas Viaduct North Danielfurt, IN 30612",schmidtdebra@example.net
James,Coleman,"0692 Ruben Islands Apt. 769 Shannontown, TX 20372",jason44@example.org
Wendy,Cox,"851 Keller Corners Apt. 834 North Michelleburgh, SD 28576",whitejulie@example.com
Trevor,Leonard,"2431 Weaver Trace Anthonyfurt, NJ 10766",shawmarc@example.net
Jaclyn,Miller,"841 James Mountain Morrisside, VT 36759",kellymichele@example.com
Renee,James,"1663 Robin Loop Suite 343 New Robert, LA 73455",john47@example.net
Lisa,Adkins,"49886 Baker Divide Wesleytown, VI 64164",daniel39@example.net
Brittney,Houston,USS Johnson FPO AE 32738,upacheco@example.com
Samantha,Martinez,"2164 Williams Glen East Colleen, MS 09218",hbrooks@example.net
Jordan,Stewart,USNS Mccoy FPO AE 10843,qcantu@example.com
Scott,Marshall,"79957 Craig Fort Apt. 974 Amychester, AK 28731",chandlerann@example.org
Derrick,Flores,"14739 Gregory Dale Apt. 477 Lake Louis, MT 39838",barnesclayton@example.com
Sara,Cooper,"769 James Mission Port Brittneyland, WA 47839",hullerica@example.org
Matthew,Gordon,"7293 Thomas Mountains Apt. 159 Jonathanchester, SC 37351",stevensonjerome@example.org
Amber,Ford,"8741 Miller Pines Apt. 021 New Jamesborough, NC 16072",jodimiller@example.net
James,Hudson,"4740 Catherine Land Apt. 815 South Rebeccaview, NC 99540",zharrison@example.org
Candice,Morris,"68851 Knapp Walk East Danielleton, MH 35476",timothythompson@example.net
Ashley,Robinson,Unit 0509 Box 9805 DPO AE 16452,isabella19@example.net
Matthew,Leon,"8213 Amy Junction East Shawn, UT 30627",vmartin@example.com
Dylan,Rivera,"026 Berg Burg North Linda, HI 15575",bradleysusan@example.net
Melissa,Jackson,"55115 Chase Ramp Apt. 834 North Davidburgh, OK 96369",jonathanfitzgerald@example.com
Eric,Crane,"24499 Daniels Via Larsonton, NM 29550",samuelnovak@example.com
Charlotte,Jordan,"1345 Jonathan Fords Apt. 098 New Stacyburgh, CA 94663",amanda92@example.org
Vanessa,Williams,"30840 Williams Estates Apt. 610 Adamton, SC 04827",benjaminkirby@example.com
Ashley,Smith,"503 Terri Center Suite 789 Millerside, MH 23377",mannronald@example.com
James,Golden,"3948 Smith Junctions Suite 528 South Angelaburgh, IL 64784",martinezcharles@example.net
Teresa,Hanson,"1232 King Squares Apt. 888 South Jane, TN 25108",allenderek@example.net
John,Rojas,"8423 Huynh Radial Brianaborough, AL 94891",jennifer90@example.org
Aaron,Miller,"68386 Wendy Pass Cindyton, MP 26767",patriciacarrillo@example.com
Kevin,Nunez,"1509 Davis Village North Stevenmouth, NM 09221",milleranthony@example.com
Sara,Colon,"10151 Jason Pine Suite 113 New Catherinehaven, OR 54676",hdavis@example.com
Steven,Black,"3093 Russell Road Anthonyview, AK 05401",fgriffin@example.com
Stephanie,Sparks,"95739 Michael Hills New Hollymouth, AZ 02046",nthomas@example.org
Daniel,Higgins,"8486 Williams Avenue East Andrew, MN 42187",cooperjohnny@example.net
Dennis,Warren,"2223 John Divide Apt. 189 Lake Jean, CA 29215",richardhudson@example.net
Michelle,Schwartz,"00780 Sweeney Court Port Bradleyland, MP 75768",zgreen@example.com
Cesar,Rodriguez,"87447 Janet Burgs Suite 930 Camachohaven, VT 53542",watkinslaura@example.com
Scott,Soto,"30880 Williams Skyway North Matthewmouth, AL 04396",meaganmccoy@example.com
Joseph,Smith,"054 Stephanie Mission Suite 088 Thomasstad, HI 25907",stevencruz@example.org
Timothy,Haney,"60462 Kristina Estates Lake Scott, DC 33061",bakerbrandon@example.org
Stephanie,Rodriguez,"0165 April Alley Suite 671 West Michael, GA 75530",vramsey@example.org
Jerry,Davis,USCGC Roberts FPO AP 58550,terrencerogers@example.net
Candice,Garcia,"83954 Mendez Glens Suite 661 West Stephanie, NM 78321",millertara@example.org
Barbara,Mejia,"1739 Bryan Knoll Apt. 629 Warnerbury, PA 72219",rileymary@example.com
Tiffany,Church,"64782 Anna Burg South Karenchester, NH 82050",jessicamorris@example.org
Jonathan,Escobar,"77978 James Trafficway Cameronville, HI 81209",lindabailey@example.org
Christian,Brooks,"96526 Palmer Mews North Carolville, NC 39161",ushaffer@example.org
Samantha,Patterson,"6917 Austin Roads Apt. 272 Millerhaven, KY 87706",charlesstuart@example.org
Edward,Cooper,"707 Megan Drive Cynthiaport, KY 22585",hhuang@example.org
Rebecca,Nunez,"36165 Scott Spur Apt. 167 Lake William, OH 90749",limatthew@example.com
Teresa,Odonnell,"2944 Crystal Inlet Hensleyfurt, MH 38413",dustinford@example.net
Vincent,Young,"60079 John Junction South Cynthiashire, CO 68297",adam88@example.com
Sue,Harris,"26111 Vincent Pass New Rachel, AK 48864",foconnor@example.org
Kimberly,Smith,"70056 Kristopher Green Davidborough, MI 13599",madeline28@example.com
Charlene,Gibson,"548 Jackson Skyway New Abigailview, ME 28498",danderson@example.net
Timothy,Johnson,"255 Aguilar Coves Lake Kristina, OR 23432",xcase@example.net
Wendy,Mueller,"2306 Rachel Skyway Lake Randallport, IA 27872",bwolfe@example.org
Erica,Stevens,"3314 Amy Rapids Leetown, NY 74140",jgordon@example.net
Joshua,Randolph,"4113 Tyler Harbor Suite 663 South Debra, VI 02017",tyler26@example.org
Joshua,Smith,"55870 Yoder Forges Apt. 462 Codyland, CT 68734",james16@example.org
Susan,Herman,"40030 Vanessa Lock Suite 971 Port Christopher, WV 48278",imcfarland@example.com
Jonathon,Greene,"4311 Matthew Rest Apt. 759 Meganview, TN 60416",sbrown@example.org
Billy,Winters,"166 Figueroa Plain Suite 151 Hendersonmouth, NV 33438",catherine07@example.org
Paul,Thomas,"848 Mark Coves Suite 834 Christopherbury, NV 39303",mbrown@example.net
Kathleen,Strickland,"5521 Sydney Orchard West Joseph, AK 26634",jessica79@example.org
Joseph,Oneill,"248 Robert Views Michaelmouth, NC 03091",skinnerwilliam@example.com
Angelica,Scott,"650 Willis Stream Suite 017 South Christyton, OH 86652",kevin00@example.com
Steven,Baker,"PSC 4774, Box 5392 APO AE 26598",matthewparsons@example.com
Pamela,Stewart,"741 Peter Ville Apt. 298 Michelleton, CO 79386",joshuavance@example.net
Jenna,Coleman,"54069 Perry Shore Apt. 305 North Brian, UT 46809",johnathancervantes@example.net
Charles,Bowman,"7467 Long Trail Apt. 027 Williamshire, IL 94805",nunezmarisa@example.com
Brittney,Jacobs,"682 Harris Union Suite 748 Markland, MA 20141",richard37@example.com
Benjamin,Jordan,"132 Amanda Street Apt. 416 Port Pamela, NH 79839",jennifer04@example.com
Scott,Patterson,"PSC 6233, Box 4653 APO AA 81270",kristen25@example.com
Joseph,Powell,"05154 Michael Fall Smithtown, OH 20047",colebradley@example.org
Carol,Garcia,"1745 Jeffrey Avenue East Shawnville, NM 68458",umiller@example.org
Courtney,Day,"080 Hansen Stravenue Brianview, PW 64939",terri02@example.com
Timothy,Koch,"32554 Taylor Estates South Lisa, ND 04393",abanks@example.org
Jennifer,Davies,"65238 Robyn Via Apt. 693 New Franciscoville, TN 24600",wjohnson@example.net
Cassie,Sparks,"439 Anderson Springs North Troyland, DC 72886",osanders@example.com
Amber,Robertson,"9030 Nichols Mews Apt. 258 Jacobburgh, LA 53296",sanchezedward@example.net
Stephanie,Trujillo,"5390 Nathan Fields Ashleyhaven, SC 82633",roblesjason@example.net
Krystal,Bowman,"545 Barbara Place Apt. 533 South Brian, RI 74744",dwayne46@example.com
Erin,Nguyen,"9413 Adam Courts Apt. 832 Sabrinafurt, DC 37463",mark17@example.com
Amber,Patel,"091 Robert Locks Suite 087 South John, AR 75141",tyler30@example.com
Kristen,Greene,"41481 Townsend Course North Michael, AZ 15251",sanchezcrystal@example.org
Victoria,Hensley,"669 Lee Trail Suite 952 West Michellestad, MN 98580",bryan98@example.net
Haley,Cowan,"3785 Colleen Union Suite 841 Lake Shannon, NH 26768",anthonyhoward@example.net
Jason,Roman,"51811 Cox Brook Jonestown, VA 56567",jessica05@example.net
Stephanie,Clark,"76613 Wallace Track New Franciscoton, KS 96188",kinglaura@example.org
Dana,Mccoy,"086 Adrian Mill Suite 323 Nguyenview, MO 86181",laurarhodes@example.net
Eric,Richardson,"01199 Sims Manors East Josephton, IA 42053",jordan56@example.net
Bryce,Mckenzie,"0207 Laura Road Suite 378 West Josephton, MN 18307",cwilliams@example.com
Melissa,Morgan,"57802 Billy Mill South Michaelfurt, NY 12454",uramos@example.net
Donna,Roberts,"6865 Glover Radial Lake Deanport, CO 92681",tammy91@example.org
Paul,Horton,"358 James Lights Ryanstad, UT 21132",virginia02@example.com
Nicholas,Young,Unit 3398 Box 0478 DPO AA 27772,feliciajones@example.org
Jason,Lawson,"923 Galvan Ways Apt. 761 Jacksonchester, NH 41567",elizabethfisher@example.com
Robert,Gonzales,"7758 Harris Track Robertburgh, KY 60085",vallen@example.net
Amy,Hill,"96125 Lewis Turnpike Lake Nicholaston, MA 35800",uroberts@example.com
Steven,Hernandez,"3074 Priscilla Trace East Kenneth, MA 61140",brianjackson@example.com
Steven,Taylor,"48002 Timothy Run South Melissastad, GU 20879",singhcraig@example.com
Marie,Bennett,"4724 Suzanne Shore Suite 213 New Matthewton, AS 40553",hhartman@example.net
Christine,Mclaughlin,"PSC 0068, Box 0050 APO AP 80045",ogriffith@example.com
Danielle,Snow,"65009 Anthony Summit Lewisstad, MP 24915",martinbilly@example.org
Luis,Burke,"4915 Hanson Club Port Jamesshire, CT 39070",rhonda11@example.net
David,Moore,"93598 Kenneth Forge Byrdside, WA 64814",lmcclure@example.org
Carl,Adams,"28737 Evans Harbor Jamieview, MS 46797",marcusfleming@example.org
Phillip,Rogers,"9254 Perez Square Apt. 003 Amandaborough, KS 99873",berrynancy@example.org
Cheryl,Woods,"1893 Michael Camp Lake Julianburgh, NV 98617",erin63@example.org
Kristin,Martin,"970 Wood Prairie Suite 735 New Jennifertown, RI 31844",traviswilliams@example.com
Mary,Thomas,"6438 Howell Trail Apt. 247 South Clintonborough, IN 29610",brandonwilliams@example.org
Peter,Fletcher,"PSC 4661, Box 0171 APO AA 67519",floydsarah@example.org
Abigail,Cabrera,"1261 Lin Crescent Torresborough, MP 33329",jacquelineharris@example.net
Robert,Little,"45431 Davis Plaza Alexandramouth, KY 88191",haydenjoseph@example.com
Ashley,Maxwell,"055 Dalton Trail Gonzalesfurt, LA 16886",joshua94@example.net
Jason,Ware,"67687 Nathaniel Trace East Matthewchester, NC 27636",gfinley@example.org
Richard,Marquez,"418 Craig Ports West Robertborough, MP 84291",zmartinez@example.org
Christopher,Ramirez,"920 Amber Viaduct Apt. 095 South Jameshaven, SD 01321",jaime62@example.net
Philip,White,"401 Ethan Skyway Suite 325 Cindymouth, NM 24837",santiagokathleen@example.org
Amanda,Tanner,"5816 Cardenas Summit Kimberlyview, VT 87390",karen54@example.net
Heidi,Anderson,"PSC 0228, Box 5060 APO AE 78291",linda90@example.org
Thomas,Hall,"6765 Lori Streets Apt. 356 Garzamouth, UT 03652",jesusbrown@example.org
Jason,Lee,"88284 Crystal Track Apt. 273 New Jasminmouth, DC 43750",mjohnson@example.org
Cristian,Chapman,"361 Andrew Burgs Newmanmouth, TX 15709",josephjackson@example.com
Jennifer,Stone,"7336 Spencer Ferry Apt. 372 West Jonathan, MD 10647",smithrose@example.com
Jacob,Meadows,"42358 Herman Glen Suite 152 Ryanmouth, TN 77976",xgibson@example.org
Mike,Johnson,"7090 May Trace Suite 571 Ninaview, SC 80507",calvinhughes@example.net
Gina,Phillips,"45752 Moore Fields West Ashleyfurt, CA 77672",lclark@example.com
Misty,Rice,Unit 2815 Box 9372 DPO AP 27415,marshallcolton@example.com
John,Beasley,"73790 Pena Brooks Jenniferview, AZ 91281",nicholasvillanueva@example.net
Timothy,Kramer,"39994 Deborah Roads Apt. 490 Port Michaeltown, RI 75872",jeffery79@example.com
Susan,James,"413 Duran Knoll Apt. 213 Danashire, UT 49742",jenniferromero@example.net
Donna,Barnett,"9623 Miller Ports Jensenland, AS 47172",nbarajas@example.org
Linda,Patterson,Unit 1348 Box 7462 DPO AP 01612,olsenamanda@example.com
Mary,Smith,"0198 Rodriguez Unions Apt. 432 Rebeccamouth, FL 85777",lindseykelly@example.net
Kimberly,Armstrong,"895 Jones Keys North Stephenfurt, AK 81211",stevenbrown@example.org
Robert,Perkins,"554 John Mission Aguirreport, UT 20608",gpham@example.com
Lisa,Stevens,"23622 Mason Glens Christineborough, WY 60956",higginslaura@example.net
Brad,Mcgee,"8470 Thomas Tunnel Port Heather, RI 45726",mbarnes@example.com
Anthony,Smith,"897 Cox Mount Apt. 046 West Roberttown, OK 03706",veronica79@example.org
Walter,Smith,"063 Jamie Ramp Richardchester, MP 83209",mark18@example.net
Mark,Parsons,"9653 William Green Port Emily, WY 90585",meghan30@example.com
Robert,Romero,"2830 Michael Stream Apt. 132 South Royside, MA 03875",ericwalker@example.org
James,Fuller,"917 Miller Squares Beckbury, IA 55812",donald83@example.com
Christopher,Flowers,"49812 Curtis Pass North Richard, NJ 19853",karen47@example.net
Christopher,Thomas,"2713 Reed Springs Yvetteport, NJ 77800",kpowers@example.net
Molly,Guerrero,"8401 Ferguson Dam Port Jessica, VI 85203",larrycooper@example.com
Kimberly,Jones,"974 Evans Trail Apt. 496 Robertborough, IL 00850",youngsteven@example.com
Taylor,Coleman,"256 Oneill Gardens Apt. 886 Port Samanthaberg, CA 54058",ryanclark@example.net
Cathy,Allen,"8839 John Trail Apt. 723 Jonathanstad, MO 63819",candice10@example.net
Samantha,Berger,"602 May Plain Apt. 135 Castroport, ND 10673",johnny98@example.net
Christy,Conley,"357 Steven Rest Lisaside, PW 09844",melissaharris@example.com
Karl,Kirk,"794 Vasquez Flats Debraland, TN 25517",jamie47@example.com
Meagan,Turner,"55538 Morales Rapid New William, AR 06743",ryan07@example.com
Karen,Pham,"6672 Sheri Causeway Lake Deborahview, MO 74138",jessicarush@example.org
Karen,Martinez,"72316 Morgan Run Jonathanside, TX 58282",kjohnson@example.com
Melinda,Hawkins,"25813 Daniel Trace Apt. 307 Evansside, MD 52356",ngarcia@example.net
Fernando,Maynard,"153 Jessica Oval Apt. 410 West Brittney, TN 87984",michael26@example.net
Katherine,Scott,USS Newman FPO AA 49353,gabriela42@example.com
Sharon,Evans,"9885 Patterson Pike Marychester, WA 16548",igonzalez@example.net
Maria,Cardenas,"898 Garcia Drive North Luis, PW 73589",cody28@example.net
Derek,Tucker,"48837 Clark Rapid Suite 506 North Paige, TN 21304",huffjenna@example.com
Melissa,King,"7549 Gibson Islands North Sarahchester, DE 31104",blairsharon@example.org
Paul,Hoffman,"487 Teresa Island Robertsview, OR 67150",mariaadams@example.net
Crystal,Fisher,"363 Frey Islands Bondmouth, ID 24100",pjuarez@example.net
Edward,Hall,"32048 Derrick Meadow Nicholasland, KY 07787",smiththomas@example.net
Alexandra,Barnett,"6665 Jacobs Bypass Suite 528 South Shelby, OR 71757",raymond67@example.com
Caitlin,West,"314 Donna Avenue Suite 282 South Emilymouth, GU 39295",ncrosby@example.org
Barbara,Stevens,"66117 Burns Fall Suite 668 Robertstown, LA 44686",mooretrevor@example.net
Yvette,Harper,"39425 Strickland Skyway East Alice, VA 75899",oconnellchristopher@example.org
Emily,James,USNS White FPO AP 16735,obeltran@example.com
Sandra,Clark,"576 Fleming Falls Garciaton, NH 58540",joshua99@example.com
Cindy,Burnett,"8054 Taylor Pine Suite 773 East Anthony, MT 08401",holtadam@example.com
Jacob,Wheeler,"8395 Schultz Pine North Jonathanport, AK 71606",brandon74@example.net
Kenneth,Bishop,"004 Murphy Ways Lake Stephenfurt, MO 94824",kevinturner@example.org
Taylor,Brown,"583 Zoe Islands East Heidihaven, MO 92759",davidsonsandra@example.org
Brandon,Sandoval,"32830 Garcia Center Suite 415 East Joan, WY 45861",hgallagher@example.org
Kirk,Smith,"811 Karen Road North Jenniferfort, AK 88617",nhughes@example.org
Brian,Williams,"4894 Christine Avenue New Erika, WV 53504",francisjill@example.org
Kevin,Romero,"1219 Singleton Ford North Vincenttown, KY 20833",robert60@example.net
Bryan,Velasquez,"9892 Michelle Route Suite 323 Lake Michael, WA 50843",aleckelly@example.net
Carolyn,Townsend,"0807 Arroyo Vista Suite 517 Victoriafort, OR 83864",nathanielhull@example.net
Anthony,Miller,"23831 Tiffany Cape Apt. 728 Marcuston, AK 26467",robert06@example.net
Allison,Johnson,"832 Amber Loop Ramirezchester, MA 92738",vanessathornton@example.org
Taylor,Wade,"PSC 7238, Box 6966 APO AP 98607",grayjohn@example.com
Rhonda,Schultz,"06451 Cody Loop New Hectorborough, UT 60539",elizabethcarey@example.org
Shannon,Ferguson,"3950 Mclaughlin Fall Suite 548 New Sierramouth, PA 01412",zblack@example.net
Richard,Jordan,"08710 Welch Village Hurstside, AK 94701",daniellediaz@example.com
Christopher,Mclaughlin,"817 Brittany Springs Castilloton, KY 24421",brandonmejia@example.net
Mark,Forbes,"17410 Moore Plain Suite 191 Kingfurt, KS 35837",haleysmith@example.net
Kathleen,Elliott,Unit 4149 Box 9527 DPO AE 23761,lmccarthy@example.net
Jonathan,Riley,"587 Green Rest South Juan, NM 56622",jamesshelton@example.org
Roy,Farmer,"330 Amanda Green Apt. 942 Nicholasshire, FM 57954",jeremiahhammond@example.net
Lauren,Weber,"995 Leonard Squares Apt. 229 Lake Elizabeth, MP 34726",morenodaniel@example.com
Thomas,Clements,"702 Davis Walks Suite 804 Jeremybury, PA 90556",wendy30@example.org
Rachel,Kent,"3163 Mary Lodge Suite 478 Brandonstad, PW 45059",jeremy57@example.com
Jesse,Garcia,"57966 Garrett Greens Suite 911 East Anthony, NJ 08113",margaretlevine@example.org
Edward,Spence,"PSC 2882, Box 7957 APO AA 55581",jeffreybullock@example.com
Samantha,Mooney,"9653 Jonathan Light Lake Michellemouth, AL 98302",amandalopez@example.net
Jessica,Kirby,USCGC Smith FPO AA 28524,hwood@example.net
Brandon,Rhodes,"22060 Davis Mountains North Victoriachester, CO 32633",deniserush@example.net
